0.0 -inf
0.036789297658862914 -18.90461866798266
0.07357859531772573 0.791467737700428
0.1103678929765886 0.7214193337806354
0.14715719063545152 0.6513770110316784
0.18394648829431437 0.5813397284409517
0.22073578595317722 0.5113064823090713
0.25752508361204013 0.44127629858317885
0.294314381270903 0.37124822542234626
0.33110367892976583 0.3012213259282505
0.36789297658862874 0.23119467097559437
0.40468227424749165 0.16116733207714568
0.4414715719063545 0.09113837421773283
0.47826086956521735 0.021106848590036923
0.5150501672240803 -0.0489282148374967
0.5518394648829431 -0.11896781499397584
0.588628762541806 -0.18901298769886335
0.6254180602006689 -0.2590648140588851
0.6622073578595317 -0.3291244293616943
0.6989966555183945 -0.39919303256894756
0.7357859531772575 -0.4692718965237978
0.7725752508361204 -0.5393623790030218
0.8093645484949833 -0.6094659347626911
0.846153846153846 -0.6795841287493126
0.8829431438127089 -0.7497186506767737
0.9197324414715717 -0.8198713312047025
0.9565217391304348 -0.8900441599978693
0.9933110367892977 -0.9602393060016404
1.0301003344481603 -1.030459140338853
1.0668896321070234 -1.1007062623238455
1.1036789297658862 -1.1709835292072053
1.140468227424749 -1.2412940904213268
1.177257525083612 -1.311641427310263
1.214046822742475 -1.382029399628446
1.2508361204013378 -1.4524623005365136
1.2876254180602007 -1.5229449225080132
1.3244147157190633 -1.5934826376647178
1.3612040133779264 -1.6640814978786111
1.397993311036789 -1.7347483629741056
1.434782608695652 -1.805491070149285
1.471571906354515 -1.8763186649566894
1.5083612040133776 -1.9472417241925668
1.5451505016722409 -2.018272813308992
1.5819397993311035 -2.089427133325778
1.6187290969899666 -2.160723420274897
1.6555183946488294 -2.2321851573598215
1.692307692307692 -2.3038421387248795
1.7290969899665551 -2.375732378246384
1.7658862876254178 -2.4479042867261667
1.8026755852842808 -2.520418954523491
1.8394648829431437 -2.5933522916530283
1.8762541806020063 -2.666796717752927
1.9130434782608696 -2.7408620836573423
1.9498327759197323 -2.815675558979343
1.9866220735785953 -2.8913803343652162
2.023411371237458 -2.9681331432656064
2.060200668896321 -3.0461007735271552
2.096989966555184 -3.125455878096689
2.1337792642140467 -3.2063724787227614
2.1705685618729094 -3.2890215741641087
2.2073578595317724 -3.3735672194991353
2.2441471571906355 -3.460163353156582
2.280936454849498 -3.5489515367405127
2.317725752508361 -3.640059662034117
2.354515050167224 -3.733601586287652
2.391304347826087 -3.829677589863001
2.42809364548495 -3.9283755113006427
2.464882943143812 -4.029772400671586
2.5016722408026757 -4.133936536826293
2.5384615384615383 -4.24092967136275
2.5752508361204014 -4.350809385976572
2.6120401337792636 -4.463631475795478
2.6488294314381267 -4.579452296243389
2.6856187290969897 -4.698331033106711
2.722408026755853 -4.820331873956629
2.759197324414716 -4.945526073767565
2.795986622073578 -5.073993918731025
2.832775919732441 -5.205826600378633
2.869565217391304 -5.341128017757304
2.9063545150501673 -5.480016529093548
2.94314381270903 -5.62262667663673
2.9799331103678925 -5.76911090960177
3.016722408026755 -5.919641330679152
3.0535117056856187 -6.074411491710456
3.0903010033444818 -6.233638264042894
3.1270903010033444 -6.397563808927005
3.1638795986622075 -6.566457673216516
3.2006688963210697 -6.740619035646182
3.237458193979933 -6.92037912915651
3.274247491638796 -7.106103865141575
3.311036789297659 -7.298196686144532
3.347826086956521 -7.497101674434442
3.384615384615384 -7.703306945083788
3.421404682274247 -7.917348353642572
3.4581939799331103 -8.139813550287128
3.4949832775919734 -8.37134641442558
3.5317725752508355 -8.612651906186123
3.5685618729096986 -8.864501374020785
3.6053511705685617 -9.12773836085086
3.6421404682274248 -9.403284954790148
3.678929765886287 -9.692148734539966
3.71571906354515 -9.9954303640909
3.7525083612040127 -10.314331896427475
3.789297658862876 -10.65016585155083
3.8260869565217392 -11.004365140347218
3.862876254180602 -11.3784939126692
3.8996655518394645 -11.774259415484083
3.936454849498327 -12.193524955090643
3.9732441471571907 -12.638324066196697
4.010033444816053 -13.110876000041365
4.046822742474916 -13.613602653646785
4.083612040133779 -14.149147072541247
4.120401337792642 -14.720393669678847
4.157190635451505 -15.330490313459089
4.193979933110368 -15.982872447279863
4.230769230769231 -16.68128941137878
4.2675585284280935 -17.429833144170363
4.304347826086956 -18.23296944417187
4.341137123745819 -19.095571974321583
4.377926421404682 -20.022959187736436
4.414715719063545 -21.020934348105772
4.4515050167224075 -22.095828810496315
4.488294314381271 -23.25454872258411
4.525083612040134 -24.5046253076833
4.561872909698996 -25.854268907244563
4.59866220735786 -27.312427001373045
4.635451505016722 -28.888846500991217
4.672240802675584 -30.59414072094515
4.709030100334448 -32.4398615985426
4.745819397993311 -34.438577904302655
4.782608695652174 -36.60396037608494
4.8193979933110365 -38.95087486038242
4.8561872909699 -41.49548463198785
4.892976588628763 -44.255363065189236
4.929765886287624 -47.24961774974797
4.966555183946488 -50.49902701391238
5.003344481605351 -54.026189684955085
5.040133779264213 -57.85568883898449
5.076923076923077 -62.01427030500853
5.113712374581938 -66.53103680492127
5.150501672240803 -71.43765881362717
5.187290969899665 -76.76860347456228
5.224080267558527 -82.5613831642847
5.260869565217392 -88.85682553555367
5.297658862876253 -95.69936707058177
5.334448160535117 -103.13737235201233
5.3712374581939795 -111.22348142574974
5.408026755852842 -120.01498780502578
5.444816053511706 -129.57424986153887
5.481605351170567 -139.96913857312376
5.518394648829432 -151.27352484944626
5.555183946488294 -163.5678099371782
5.591973244147156 -176.93950271379325
5.62876254180602 -191.48384801522798
5.665551839464882 -207.30451050894325
5.702341137123746 -224.51431902271682
5.739130434782608 -243.23607667356117
5.77591973244147 -262.0357441137661
5.812709030100335 -262.1912775562652
5.849498327759196 -262.3347733041087
5.88628762541806 -262.4780404550202
5.923076923076923 -262.6212490638867
5.959866220735785 -262.76465333493934
5.996655518394649 -262.9081511571296
6.03344481605351 -263.0515106513072
6.070234113712375 -263.1946519790252
6.107023411371237 -263.3377432992075
6.143812709030099 -263.4810470378355
6.1806020066889635 -263.624487331534
6.217391304347825 -263.7677935250609
6.254180602006689 -263.91089094930044
6.290969899665551 -264.05395004037894
6.327759197324414 -264.19724317051265
6.364548494983278 -264.34069390054503
6.401337792642139 -264.4840319501346
6.438127090301002 -264.62718088756395
6.474916387959866 -264.7703155958583
6.511705685618728 -264.91371515698955
6.548494983277592 -265.0573011753481
6.585284280936454 -265.2008025184822
6.622073578595318 -265.3441352344569
6.65886287625418 -265.4874897647698
6.695652173913042 -265.63114814067126
6.7324414715719065 -265.7750285084481
6.769230769230768 -265.91885718606346
6.806020066889632 -266.0625418666048
6.842809364548494 -266.20628851779134
6.879598662207357 -266.35038143532614
6.916387959866221 -266.49473249824524
6.953177257525082 -266.6390630030121
6.989966555183947 -266.78326871593964
7.026755852842809 -266.92756768268697
7.063545150501671 -267.07224448428394
7.100334448160535 -267.2172041940165
7.137123745819397 -267.3621560039645
7.173913043478261 -267.50697422996495
7.210702341137123 -267.6518834677041
7.247491638795986 -267.797177185575
7.2842809364548495 -267.94274564068036
7.321070234113711 -268.088273133312
7.357859531772575 -268.2336012046339
7.394648829431438 -268.3789825105556
7.4314381270903 -268.52471652005283
7.468227424749164 -268.67066953741033
7.505016722408025 -268.81648815355027
7.54180602006689 -268.96202019977954
7.578595317725752 -269.1075532552532
7.615384615384614 -269.2533901135127
7.6521739130434785 -269.3993660241927
7.68896321070234 -269.5451409869747
7.725752508361204 -269.69058276954195
7.762541806020066 -269.8360067462589
7.799331103678929 -269.9817123759104
7.8361204013377925 -270.12753822497723
7.872909698996654 -270.273161792299
7.909698996655519 -270.4184519860148
7.946488294314381 -270.5637388900695
7.983277591973243 -270.70932109864725
8.020066889632107 -270.8550372310816
8.05685618729097 -271.0005693970514
8.093645484949832 -271.14577974361157
8.130434782608695 -271.2910107353162
8.167224080267559 -271.4365615483294
8.20401337792642 -271.58226644904005
8.240802675585284 -271.72780352176807
8.277591973244148 -271.87303590325934
8.31438127090301 -272.01831678857127
8.351170568561873 -272.16394680140877
8.387959866220736 -272.30975417332354
8.424749163879596 -272.45540053823487
8.461538461538462 -272.6007730861871
8.498327759197323 -272.74622837411033
8.535117056856187 -272.892069223831
8.57190635451505 -273.03811817621414
8.608695652173912 -273.18402029354627
8.645484949832776 -273.32968675830097
8.682274247491637 -273.4754790791898
8.719063545150501 -273.6217053932584
8.755852842809364 -273.7681811003331
8.792642140468228 -273.91453382985827
8.82943143812709 -274.06069701582715
8.866220735785953 -274.2070404065805
8.903010033444815 -274.35388154936834
8.939799331103679 -274.5010275025671
8.976588628762542 -274.6480814868479
9.013377926421404 -274.7950004212772
9.050167224080267 -274.94216839655616
9.08695652173913 -275.08991678047477
9.123745819397993 -275.2380421248121
9.160535117056856 -275.3861174984597
9.19732441471572 -275.534128316592
9.234113712374581 -275.6824800925265
9.270903010033445 -275.8315233637947
9.307692307692308 -275.981040591351
9.344481605351168 -276.1305717355539
9.381270903010034 -276.28013449021944
9.418060200668895 -276.4301644526108
9.454849498327759 -276.5810372090546
9.491638795986622 -276.73251956360355
9.528428093645484 -276.8841087543516
9.565217391304348 -277.03585840649384
9.60200668896321 -277.1882427668168
9.638795986622073 -277.34167426527233
9.675585284280936 -277.4958990329397
9.7123745819398 -277.65035539657123
9.749163879598662 -277.8051319124192
9.785953177257525 -277.9607602619385
9.822742474916385 -278.1177066619269
9.859531772575249 -278.2756873578334
9.896321070234114 -278.43404176204245
9.933110367892976 -278.59290560227987
9.969899665551837 -278.7528982791337
10.006688963210703 -278.91456631462245
10.043478260869565 -279.077557611803
10.080267558528426 -279.24108231109744
10.11705685618729 -279.4053443245388
10.153846153846153 -279.57110224991663
10.190635451505017 -279.73901808643814
10.227424749163877 -279.9086017822717
10.264214046822742 -280.0789486857179
10.301003344481606 -280.2503439687874
10.337792642140466 -280.42378414006595
10.37458193979933 -280.6001190938574
10.411371237458194 -280.7786478563908
10.448160535117054 -280.95831639984436
10.484949832775918 -281.13960013613104
10.521739130434783 -281.3239539414237
10.558528428093645 -281.5126091278378
10.595317725752507 -281.7046037867194
10.632107023411372 -281.89882818920637
10.668896321070234 -282.0964031045796
10.705685618729095 -282.30005264616415
10.742474916387959 -282.5123850962455
10.779264214046822 -282.7330391862212
10.816053511705684 -282.9627177491661
10.852842809364548 -283.20742905809186
10.889632107023411 -283.4805298682405
10.926421404682275 -283.808244748774
10.963210702341135 -284.26072963691536
11.0 -inf
0.0 -inf
0.036789297658862914 -18.903802615749687
0.07357859531772573 0.9680443127848091
0.1103678929765886 0.8979607462271973
0.14715719063545152 0.8278866088317496
0.18394648829431437 0.7578206224335114
0.22073578595317722 0.6877615695290625
0.25752508361204013 0.617708283813715
0.294314381270903 0.5476596411204138
0.33110367892976583 0.47761455078781195
0.36789297658862874 0.4075719471596824
0.40468227424749165 0.3375307813122421
0.4414715719063545 0.267490012780819
0.47826086956521735 0.19744860143520215
0.5150501672240803 0.12740549912787683
0.5518394648829431 0.05735964125872336
0.588628762541806 -0.012690062022798888
0.6254180602006689 -0.08274473479264952
0.6622073578595317 -0.15280554496825435
0.6989966555183945 -0.22287371451526272
0.7357859531772575 -0.29295053021460876
0.7725752508361204 -0.36303735550340577
0.8093645484949833 -0.43313564327981313
0.846153846153846 -0.5032469501134327
0.8829431438127089 -0.5733729517593854
0.9197324414715717 -0.643515460735117
0.9565217391304348 -0.7136764460883572
0.9933110367892977 -0.7838580556141945
1.0301003344481603 -0.8540626415176275
1.0668896321070234 -0.9242927898750956
1.1036789297658862 -0.9945513550126662
1.140468227424749 -1.0648414996687972
1.177257525083612 -1.1351667429357473
1.214046822742475 -1.2055310178504581
1.2508361204013378 -1.2759387420658812
1.2876254180602007 -1.3463949060784555
1.3244147157190633 -1.4169051874230976
1.3612040133779264 -1.4874761032701789
1.397993311036789 -1.5581152222188375
1.434782608695652 -1.6288314692978885
1.471571906354515 -1.699635574384458
1.5083612040133776 -1.7705407354616909
1.5451505016722409 -1.8415635862281565
1.5819397993311035 -1.9127255664676452
1.6187290969899666 -1.9840547764736074
1.6555183946488294 -2.0555883446860355
1.692307692307692 -2.1273752402044726
1.7290969899665551 -2.199479329030042
1.7658862876254178 -2.271982325910662
1.8026755852842808 -2.3449861772675082
1.8394648829431437 -2.418614369603369
1.8762541806020063 -2.493011723773752
1.9130434782608696 -2.568342416080449
1.9498327759197323 -2.6447862274652345
1.9866220735785953 -2.722533304813513
2.023411371237458 -2.801777951566653
2.060200668896321 -2.8827120984931813
2.096989966555184 -2.9655191164803094
2.1337792642140467 -3.050368532633477
2.1705685618729094 -3.137412039043181
2.2073578595317724 -3.226780984132505
2.2441471571906355 -3.31858535223838
2.280936454849498 -3.4129140929306434
2.317725752508361 -3.5098365703479573
2.354515050167224 -3.609404860701412
2.391304347826087 -3.7116566254445766
2.42809364548495 -3.8166183125965714
2.464882943143812 -3.924308480433652
2.5016722408026757 -4.0347410854374335
2.5384615384615383 -4.147928621323935
2.5752508361204014 -4.263885037808184
2.6120401337792636 -4.3826284010511785
2.6488294314381267 -4.504183285686312
2.6856187290969897 -4.628582906828207
2.722408026755853 -4.755871014871445
2.759197324414716 -4.886103585841025
2.795986622073578 -5.019350343760106
2.832775919732441 -5.155696155122328
2.869565217391304 -5.295242334633464
2.9063545150501673 -5.438107902414376
2.94314381270903 -5.584430828500055
2.9799331103678925 -5.734369300118348
3.016722408026755 -5.88810304266825
3.0535117056856187 -6.045834726473529
3.0903010033444818 -6.207791485358451
3.1270903010033444 -6.374226571991107
3.1638795986622075 -6.54542117734316
3.2006688963210697 -6.721686434483166
3.237458193979933 -6.903365630997726
3.274247491638796 -7.090836647267139
3.311036789297659 -7.284514647741157
3.347826086956521 -7.484855037857228
3.384615384615384 -7.692356707448839
3.421404682274247 -7.907565558860425
3.4581939799331103 -8.13107833521263
3.4949832775919734 -8.363546709950436
3.5317725752508355 -8.605681541260836
3.5685618729096986 -8.858257145447388
3.6053511705685617 -9.12211515094429
3.6421404682274248 -9.398167104208326
3.678929765886287 -9.687393813072148
3.71571906354515 -9.990837379191214
3.7525083612040127 -10.309576233067347
3.789297658862876 -10.644660142906721
3.8260869565217392 -10.996950964968839
3.862876254180602 -11.36673367095118
3.8996655518394645 -11.752769993304957
3.936454849498327 -12.150051827142851
3.9732441471571907 -12.545102547000521
4.010033444816053 -12.909683416293166
4.046822742474916 -13.204631093475907
4.083612040133779 -13.409579079881633
4.120401337792642 -13.544181680703762
4.157190635451505 -13.642250050311715
4.193979933110368 -13.725880955495597
4.230769230769231 -13.804715119793652
4.2675585284280935 -13.882130184959731
4.304347826086956 -13.959172252034758
4.341137123745819 -14.036087677128132
4.377926421404682 -14.112936932787905
4.414715719063545 -14.189730187834998
4.4515050167224075 -14.266490460550573
4.488294314381271 -14.343193645740888
4.525083612040134 -14.419837840170945
4.561872909698996 -14.496442242808293
4.59866220735786 -14.572986974117152
4.635451505016722 -14.649470991789805
4.672240802675584 -14.725894141903414
4.709030100334448 -14.802275684326842
4.745819397993311 -14.878598517750955
4.782608695652174 -14.954863425406442
4.8193979933110365 -15.03108895021409
4.8561872909699 -15.107261310481416
4.892976588628763 -15.183382116381603
4.929765886287624 -15.259453934355255
4.966555183946488 -15.335497076116464
5.003344481605351 -15.411498699232583
5.040133779264213 -15.487462228004892
5.076923076923077 -15.563391941971485
5.113712374581938 -15.639311475684234
5.150501672240803 -15.715207920106439
5.187290969899665 -15.7910865869991
5.224080267558527 -15.866973617429826
5.260869565217392 -15.942856979043242
5.297658862876253 -16.018743095438523
5.334448160535117 -16.09463927035421
5.3712374581939795 -16.17057864223161
5.408026755852842 -16.24654576658905
5.444816053511706 -16.322548979788895
5.481605351170567 -16.398627312330344
5.518394648829432 -16.474763596228875
5.555183946488294 -16.550966596349582
5.591973244147156 -16.627246538565775
5.62876254180602 -16.703654856370427
5.665551839464882 -16.780165364111284
5.702341137123746 -16.85678853443168
5.739130434782608 -16.93353614121271
5.77591973244147 -17.010473399852472
5.812709030100335 -17.087563323237486
5.849498327759196 -17.16481816725447
5.88628762541806 -17.242315723432046
5.923076923076923 -17.32001127381553
5.959866220735785 -17.397916479632105
5.996655518394649 -17.476044790878603
6.03344481605351 -17.55449291822896
6.070234113712375 -17.63319921122092
6.107023411371237 -17.71217599706153
6.143812709030099 -17.79143720125506
6.1806020066889635 -17.871102756719317
6.217391304347825 -17.951088997241186
6.254180602006689 -18.03140846925709
6.290969899665551 -18.11219543749576
6.327759197324414 -18.193356006583212
6.364548494983278 -18.27490045135763
6.401337792642139 -18.35684101181111
6.438127090301002 -18.439334211407
6.474916387959866 -18.52226416437768
6.511705685618728 -18.60564119505141
6.548494983277592 -18.689630957631845
6.585284280936454 -18.77411392342632
6.622073578595318 -18.859097202615605
6.65886287625418 -18.94459031007491
6.695652173913042 -19.030779426588964
6.7324414715719065 -19.117523980286116
6.769230769230768 -19.204831301766482
6.806020066889632 -19.292710289267497
6.842809364548494 -19.381373579428626
6.879598662207357 -19.470654774403734
6.916387959866221 -19.560560587666302
6.953177257525082 -19.651289384349912
6.989966555183947 -19.74269265899089
7.026755852842809 -19.834775597667583
7.063545150501671 -19.92754480195531
7.100334448160535 -20.021219036935133
7.137123745819397 -20.115630618823293
7.173913043478261 -20.210784744881547
7.210702341137123 -20.306687210345697
7.247491638795986 -20.403555410886764
7.2842809364548495 -20.501222376168972
7.321070234113711 -20.59969370424796
7.357859531772575 -20.69916668190758
7.394648829431438 -20.79949639152882
7.4314381270903 -20.900688424992868
7.468227424749164 -21.002748239970654
7.505016722408025 -21.105853840763512
7.54180602006689 -21.209875736684864
7.578595317725752 -21.314820168188174
7.615384615384614 -21.420835383140354
7.6521739130434785 -21.52782074261788
7.68896321070234 -21.635783509478483
7.725752508361204 -21.74473044872979
7.762541806020066 -21.854775281618526
7.799331103678929 -21.965844841121825
7.8361204013377925 -22.077947346087285
7.872909698996654 -22.191090673357003
7.909698996655519 -22.305373689835097
7.946488294314381 -22.420735757971585
7.983277591973243 -22.537186393253286
8.020066889632107 -22.65477711069768
8.05685618729097 -22.773486916771013
8.093645484949832 -22.893325607846347
8.130434782608695 -23.01430276487244
8.167224080267559 -23.13645639287981
8.20401337792642 -23.25977425441
8.240802675585284 -23.384264706160952
8.277591973244148 -23.5099494063732
8.31438127090301 -23.636824560840846
8.351170568561873 -23.764895869791182
8.387959866220736 -23.8941674022855
8.424749163879596 -24.024644069042278
8.461538461538462 -24.156323239754787
8.498327759197323 -24.28920259457131
8.535117056856187 -24.423277439981884
8.57190635451505 -24.55854081862071
8.608695652173912 -24.694979975043843
8.645484949832776 -24.832578783265713
8.682274247491637 -24.97131739081356
8.719063545150501 -25.11117185141262
8.755852842809364 -25.25211315436104
8.792642140468228 -25.394104520954627
8.82943143812709 -25.53710360052674
8.866220735785953 -25.681062316004315
8.903010033444815 -25.825927072770828
8.939799331103679 -25.971637347291786
8.976588628762542 -26.11812053492902
9.013377926421404 -26.265298288636473
9.050167224080267 -26.413084726776862
9.08695652173913 -26.56138951911941
9.123745819397993 -26.71011610856065
9.160535117056856 -26.8591525533176
9.19732441471572 -27.00838571409619
9.234113712374581 -27.157697732670712
9.270903010033445 -27.30697490535852
9.307692307692308 -27.456102174133186
9.344481605351168 -27.604945885741813
9.381270903010034 -27.753387402219808
9.418060200668895 -27.90131357866659
9.454849498327759 -28.04863396485151
9.491638795986622 -28.195264024140137
9.528428093645484 -28.341100595181558
9.565217391304348 -28.486073134222988
9.60200668896321 -28.630125510651983
9.638795986622073 -28.773246239056217
9.675585284280936 -28.915428528753008
9.7123745819398 -29.05663690331328
9.749163879598662 -29.196878117351105
9.785953177257525 -29.336186648742455
9.822742474916385 -29.474652876214797
9.859531772575249 -29.612350199461158
9.896321070234114 -29.74929616247596
9.933110367892976 -29.88556236949255
9.969899665551837 -30.02126354231775
10.006688963210703 -30.15657532221237
10.043478260869565 -30.291625811524412
10.080267558528426 -30.426452112039374
10.11705685618729 -30.561171373133227
10.153846153846153 -30.69595406141225
10.190635451505017 -30.831042498712293
10.227424749163877 -30.966595903354317
10.264214046822742 -31.10265530223383
10.301003344481606 -31.239385472407562
10.337792642140466 -31.3770071768196
10.37458193979933 -31.515855044899308
10.411371237458194 -31.65615494915532
10.448160535117054 -31.79798803125419
10.484949832775918 -31.9416240977565
10.521739130434783 -32.087414911949644
10.558528428093645 -32.23596799478252
10.595317725752507 -32.387788494910474
10.632107023411372 -32.54319898871344
10.668896321070234 -32.70290275357588
10.705685618729095 -32.86797127581778
10.742474916387959 -33.04032535785886
10.779264214046822 -33.22212689652436
10.816053511705684 -33.41598092301413
10.852842809364548 -33.62698448306228
10.889632107023411 -33.865531982198036
10.926421404682275 -34.1563323454795
10.963210702341135 -34.57387047828852
11.0 -inf
0.0 -inf
0.036789297658862914 -18.90339011904503
0.07357859531772573 1.035341734582626
0.1103678929765886 0.9652329607931223
0.14715719063545152 0.8951360239989532
0.18394648829431437 0.825049474381791
0.22073578595317722 0.7549719399085346
0.25752508361204013 0.684902115507785
0.294314381270903 0.6148387527765249
0.33110367892976583 0.5447806503870858
0.36789297658862874 0.4747266445790897
0.40468227424749165 0.40467560007009723
0.4414715719063545 0.33462640093881213
0.47826086956521735 0.26457794194003964
0.5150501672240803 0.19452911945625848
0.5518394648829431 0.12447882254092975
0.588628762541806 0.054425923508301007
0.6254180602006689 -0.01563073136465309
0.6622073578595317 -0.08569233199353372
0.6989966555183945 -0.15576011521518437
0.7357859531772575 -0.22583537585380886
0.7725752508361204 -0.29591947914643296
0.8093645484949833 -0.3660138740441379
0.846153846153846 -0.43612010816682695
0.8829431438127089 -0.5062398438815322
0.9197324414715717 -0.5763748769394872
0.9565217391304348 -0.6465271575365749
0.9933110367892977 -0.7166988139189824
1.0301003344481603 -0.7868921802557513
1.0668896321070234 -0.8571098288674298
1.1036789297658862 -0.9273546085075203
1.140468227424749 -0.9976296896324869
1.177257525083612 -1.0679386199344407
1.214046822742475 -1.1382853928431431
1.2508361204013378 -1.2086745349729575
1.2876254180602007 -1.279111220607486
1.3244147157190633 -1.3496014298593775
1.3612040133779264 -1.420152175447609
1.397993311036789 -1.4907718398948842
1.434782608695652 -1.5614706893242603
1.471571906354515 -1.6322616546449715
1.5083612040133776 -1.7031614962847157
1.5451505016722409 -1.7741924738030708
1.5819397993311035 -1.8453846150367306
1.6187290969899666 -1.916778594773154
1.6555183946488294 -1.9884290929283397
1.692307692307692 -2.060408315051306
1.7290969899665551 -2.1328091739657262
1.7658862876254178 -2.205747505441988
1.8026755852842808 -2.279362693418176
1.8394648829431437 -2.353816242084463
1.8762541806020063 -2.4292881329804907
1.9130434782608696 -2.505971183662206
1.9498327759197323 -2.5840639759568798
1.9866220735785953 -2.663763160975974
2.023411371237458 -2.745256015181864
2.060200668896321 -2.828714024610024
2.096989966555184 -2.914288055415253
2.1337792642140467 -3.002105392489592
2.1705685618729094 -3.092268664794803
2.2073578595317724 -3.1848564660703595
2.2441471571906355 -3.2799253471965253
2.280936454849498 -3.3775127968883076
2.317725752508361 -3.4776408308146767
2.354515050167224 -3.580319852155208
2.391304347826087 -3.685552514823119
2.42809364548495 -3.793337391828002
2.464882943143812 -3.903672322017285
2.5016722408026757 -4.016557370059795
2.5384615384615383 -4.131997379894214
2.5752508361204014 -4.250004138741238
2.6120401337792636 -4.370598190295543
2.6488294314381267 -4.493810351974802
2.6856187290969897 -4.6196829938969834
2.722408026755853 -4.748271138765922
2.759197324414716 -4.8796434407541565
2.795986622073578 -5.01388309265291
2.832775919732441 -5.151088707247479
2.869565217391304 -5.2913752096751026
2.9063545150501673 -5.434874776513233
2.94314381270903 -5.581737846543794
2.9799331103678925 -5.732134228644727
3.016722408026755 -5.886254324191562
3.0535117056856187 -6.0443104873072
3.0903010033444818 -6.206538535784111
3.1270903010033444 -6.373199426378432
3.1638795986622075 -6.544581116900252
3.2006688963210697 -6.721000623496715
3.237458193979933 -6.90280629311285
3.274247491638796 -7.090380296014111
3.311036789297659 -7.284141367396562
3.347826086956521 -7.484547793534617
3.384615384615384 -7.692100657380146
3.421404682274247 -7.907347306071827
3.4581939799331103 -8.130885044498827
3.4949832775919734 -8.363364936295392
3.5317725752508355 -8.60549546966728
3.5685618729096986 -8.858045753857475
3.6053511705685617 -9.121847283339715
3.6421404682274248 -9.397792518593329
3.678929765886287 -9.686826050589566
3.71571906354515 -9.989920058837264
3.7525083612040127 -10.308014367390635
3.789297658862876 -10.6418750621931
3.8260869565217392 -10.991767153646782
3.862876254180602 -11.356694912276666
3.8996655518394645 -11.732689963588902
3.936454849498327 -12.1093208457476
3.9732441471571907 -12.464722633912965
4.010033444816053 -12.76603817002852
4.046822742474916 -12.98874126908056
4.083612040133779 -13.140071108619487
4.120401337792642 -13.24819060900101
4.157190635451505 -13.336817381538516
4.193979933110368 -13.418142389030765
4.230769230769231 -13.497050049851113
4.2675585284280935 -13.575206847309028
4.304347826086956 -13.65314204672125
4.341137123745819 -13.730960240656655
4.377926421404682 -13.808690175068271
4.414715719063545 -13.886336341131429
4.4515050167224075 -13.963925270916272
4.488294314381271 -14.041430111983416
4.525083612040134 -14.118849741755046
4.561872909698996 -14.19620746011002
4.59866220735786 -14.273481084817826
4.635451505016722 -14.350670135386418
4.672240802675584 -14.427775042303324
4.709030100334448 -14.504818687448477
4.745819397993311 -14.581781643405835
4.782608695652174 -14.658665100312575
4.8193979933110365 -14.735490579257085
4.8561872909699 -14.812242377447257
4.892976588628763 -14.888922352040513
4.929765886287624 -14.965533362442075
4.966555183946488 -15.042098202913872
5.003344481605351 -15.118602216860653
5.040133779264213 -15.195048972396792
5.076923076923077 -15.271442915244569
5.113712374581938 -15.34780965483227
5.150501672240803 -15.424134684612932
5.187290969899665 -15.500423367840938
5.224080267558527 -15.576703072326215
5.260869565217392 -15.652960760335459
5.297658862876253 -15.72920285065958
5.334448160535117 -15.805436625165983
5.3712374581939795 -15.881695745700672
5.408026755852842 -15.957964258652634
5.444816053511706 -16.03425044765621
5.481605351170567 -16.110593117415434
5.518394648829432 -16.18697522195694
5.555183946488294 -16.26340545484121
5.591973244147156 -16.33989396620242
5.62876254180602 -16.41649113855525
5.665551839464882 -16.493171657379698
5.702341137123746 -16.569945933390404
5.739130434782608 -16.646825664098518
5.77591973244147 -16.723874173523356
5.812709030100335 -16.801056171589767
5.849498327759196 -16.878383924141637
5.88628762541806 -16.955932598990895
5.923076923076923 -17.03365982133804
5.959866220735785 -17.111577367762948
5.996655518394649 -17.1896987642874
6.03344481605351 -17.268117383304634
6.070234113712375 -17.346774811500012
6.107023411371237 -17.425683585600783
6.143812709030099 -17.504857831464655
6.1806020066889635 -17.584413473280584
6.217391304347825 -17.66427096288849
6.254180602006689 -17.74444318163216
6.290969899665551 -17.825060336613692
6.327759197324414 -17.90603271787779
6.364548494983278 -17.98737111198064
6.401337792642139 -18.0690882341052
6.438127090301002 -18.151336515383715
6.474916387959866 -18.234004515773304
6.511705685618728 -18.3171031782245
6.548494983277592 -18.400794799962032
6.585284280936454 -18.484963642769358
6.622073578595318 -18.569617542885695
6.65886287625418 -18.6547667282154
6.695652173913042 -18.740594688002915
6.7324414715719065 -18.82696426855593
6.769230769230768 -18.913883599003245
6.806020066889632 -19.001362377416598
6.842809364548494 -19.089611491511942
6.879598662207357 -19.17846721674369
6.916387959866221 -19.26793710473804
6.953177257525082 -19.35821963412388
6.989966555183947 -19.4491673499617
7.026755852842809 -19.540786243525943
7.063545150501671 -19.633083757097385
7.100334448160535 -19.72628044479698
7.137123745819397 -19.82020819568456
7.173913043478261 -19.914872932735758
7.210702341137123 -20.010281204253328
7.247491638795986 -20.1066539680575
7.2842809364548495 -20.203822226065945
7.321070234113711 -20.301792218425838
7.357859531772575 -20.400766368569457
7.394648829431438 -20.500596353426666
7.4314381270903 -20.601288254277886
7.468227424749164 -20.70284800283843
7.505016722408025 -20.805459757231286
7.54180602006689 -20.908989569831043
7.578595317725752 -21.013444022131836
7.615384615384614 -21.118977918553075
7.6521739130434785 -21.22548589478344
7.68896321070234 -21.3329754391694
7.725752508361204 -21.441453492935814
7.762541806020066 -21.55103965363866
7.799331103678929 -21.661656415037196
7.8361204013377925 -21.773312166273058
7.872909698996654 -21.886014930098423
7.909698996655519 -21.999869404193433
7.946488294314381 -22.11481062965178
7.983277591973243 -22.23084836219735
8.020066889632107 -22.348037412026518
8.05685618729097 -22.466354767960837
8.093645484949832 -22.585810517562606
8.130434782608695 -22.706414578496574
8.167224080267559 -22.82820765410389
8.20401337792642 -22.951176154277572
8.240802675585284 -23.075328854175996
8.277591973244148 -23.20068908969609
8.31438127090301 -23.327252586192458
8.351170568561873 -23.4550255675722
8.387959866220736 -23.58401259516871
8.424749163879596 -23.714219328239615
8.461538461538462 -23.845643297440933
8.498327759197323 -23.978282595990656
8.535117056856187 -24.11213294973965
8.57190635451505 -24.24718778509283
8.608695652173912 -24.383434437696007
8.645484949832776 -24.520856712870764
8.682274247491637 -24.659434653367185
8.719063545150501 -24.7991441230498
8.755852842809364 -24.93995558273805
8.792642140468228 -25.081831420145733
8.82943143812709 -25.224727930470188
8.866220735785953 -25.36859553544348
8.903010033444815 -25.51337892361797
8.939799331103679 -25.659015205631906
8.976588628762542 -25.805428880505485
9.013377926421404 -25.952537832701466
9.050167224080267 -26.10025237516126
9.08695652173913 -26.248478246508782
9.123745819397993 -26.397114125346604
9.160535117056856 -26.54604276225407
9.19732441471572 -26.695144903448288
9.234113712374581 -26.844297421249486
9.270903010033445 -26.993382180890343
9.307692307692308 -27.142279443235378
9.344481605351168 -27.290851059997117
9.381270903010034 -27.43897405499648
9.418060200668895 -27.586533915235368
9.454849498327759 -27.73344167060144
9.491638795986622 -27.87961486655294
9.528428093645484 -28.02495269227619
9.565217391304348 -28.16938830034398
9.60200668896321 -28.3128740932602
9.638795986622073 -28.45541106557664
9.675585284280936 -28.59700407214578
9.7123745819398 -28.737626491929095
9.749163879598662 -28.877295058921337
9.785953177257525 -29.01605901119303
9.822742474916385 -29.15402691261195
9.859531772575249 -29.2912855627635
9.896321070234114 -29.42785753532544
9.933110367892976 -29.563820796744025
9.969899665551837 -29.699301872805215
10.006688963210703 -29.834492438955305
10.043478260869565 -29.96952732136434
10.080267558528426 -30.104435894905578
10.11705685618729 -30.239331485245817
10.153846153846153 -30.374391053618293
10.190635451505017 -30.50987176965171
10.227424749163877 -30.64593074432985
10.264214046822742 -30.782585883625707
10.301003344481606 -30.919987239317035
10.337792642140466 -31.05836392611196
10.37458193979933 -31.198072757416387
10.411371237458194 -31.339327165677517
10.448160535117054 -31.482165378075152
10.484949832775918 -31.62683568244029
10.521739130434783 -31.773712157919665
10.558528428093645 -31.923441421721147
10.595317725752507 -32.07649562218794
10.632107023411372 -32.23312748473866
10.668896321070234 -32.394020946626306
10.705685618729095 -32.56029872313262
10.742474916387959 -32.733945767329665
10.779264214046822 -32.91704750097962
10.816053511705684 -33.11209732711715
10.852842809364548 -33.324191525470404
10.889632107023411 -33.56382898483552
10.926421404682275 -33.85587061135735
10.963210702341135 -34.274664220494046
11.0 -inf
0.0 -inf
0.036789297658862914 -18.903184669024046
0.07357859531772573 1.0655443150374906
0.1103678929765886 0.9954183320128
0.14715719063545152 0.9253058354611743
0.18394648829431437 0.8552052571389497
0.22073578595317722 0.7851151185620968
0.25752508361204013 0.7150340191997595
0.294314381270903 0.6449606252922233
0.33110367892976583 0.5748936596086345
0.36789297658862874 0.5048318912133716
0.40468227424749165 0.4347741258156968
0.4414715719063545 0.3647191960440207
0.47826086956521735 0.29466595241357285
0.5150501672240803 0.2246132537775723
0.5518394648829431 0.1545599580295085
0.588628762541806 0.08450491225441943
0.6254180602006689 0.014446943269149965
0.6622073578595317 -0.055615152914639386
0.6989966555183945 -0.1256826221772073
0.7357859531772575 -0.19575676349460666
0.7725752508361204 -0.2658389417714852
0.8093645484949833 -0.3359306014489563
0.846153846153846 -0.40603328197670063
0.8829431438127089 -0.47614863420847403
0.9197324414715717 -0.5462784397991064
0.9565217391304348 -0.6164246331874361
0.9933110367892977 -0.686589326165201
1.0301003344481603 -0.7567748374319302
1.0668896321070234 -0.8269837269730612
1.1036789297658862 -0.8972188375223669
1.140468227424749 -0.9674833442117962
1.177257525083612 -1.0377808171095466
1.214046822742475 -1.1081153006919824
1.2508361204013378 -1.1784914197922975
1.2876254180602007 -1.2489145258956644
1.3244147157190633 -1.3193909122137968
1.3612040133779264 -1.3899281404156214
1.397993311036789 -1.460535548113582
1.434782608695652 -1.531225039192736
1.471571906354515 -1.602012283234686
1.5083612040133776 -1.672918461104513
1.5451505016722409 -1.7439726581799413
1.5819397993311035 -1.8152149138405786
1.6187290969899666 -1.8866997664749092
1.6555183946488294 -1.9584999217005012
1.692307692307692 -2.030709461425404
1.7290969899665551 -2.103445890954049
1.7658862876254178 -2.1768503509991084
1.8026755852842808 -2.2510855443635758
1.8394648829431437 -2.326331305253672
1.8762541806020063 -2.402778173355205
1.9130434782608696 -2.4806197129884535
1.9498327759197323 -2.560044528596992
1.9866220735785953 -2.6412289353639133
2.023411371237458 -2.7243310591360865
2.060200668896321 -2.8094868433609115
2.096989966555184 -2.8968081146291773
2.1337792642140467 -2.9863825712514087
2.1705685618729094 -3.0782753631384274
2.2073578595317724 -3.1725318299134195
2.2441471571906355 -3.26918095161092
2.280936454849498 -3.3682391121758073
2.317725752508361 -3.4697138598028827
2.354515050167224 -3.5736074407694387
2.391304347826087 -3.6799199752551006
2.42809364548495 -3.7886522147926773
2.464882943143812 -3.899807877903337
2.5016722408026757 -4.01339559963867
2.5384615384615383 -4.129430548350423
2.5752508361204014 -4.247935774632098
2.6120401337792636 -4.368943354993627
2.6488294314381267 -4.4924953918807855
2.6856187290969897 -4.61864491945927
2.722408026755853 -4.747456757891429
2.759197324414716 -4.87900835412534
2.795986622073578 -5.013390635284048
2.832775919732441 -5.150708899698928
2.869565217391304 -5.2910837623378235
2.9063545150501673 -5.4346521757205215
2.94314381270903 -5.581568537095023
2.9799331103678925 -5.732005898502165
3.016722408026755 -5.886157288695689
3.0535117056856187 -6.04423716804965
3.0903010033444818 -6.206483024565941
3.1270903010033444 -6.373157122136819
3.1638795986622075 -6.544548426149353
3.2006688963210697 -6.720974711324487
3.237458193979933 -6.902784873920251
3.274247491638796 -7.090361447940269
3.311036789297659 -7.284123360323213
3.347826086956521 -7.484528910111838
3.384615384615384 -7.692078985241158
3.421404682274247 -7.907320453656956
3.4581939799331103 -8.130849728658527
3.4949832775919734 -8.363316331613527
3.5317725752508355 -8.605426102416972
3.5685618729096986 -8.857943594713753
3.6053511705685617 -9.121692313260573
3.6421404682274248 -9.397550394380406
3.678929765886287 -9.686435914698443
3.71571906354515 -9.989270614277562
3.7525083612040127 -10.306895483443602
3.789297658862876 -10.639876860975038
3.8260869565217392 -10.988067421127642
3.862876254180602 -11.349616007773173
3.8996655518394645 -11.718849168071428
3.936454849498327 -12.082412157717886
3.9732441471571907 -12.415435966696904
4.010033444816053 -12.68702265580654
4.046822742474916 -12.882718442056749
4.083612040133779 -13.017797378603326
4.120401337792642 -13.119050191289748
4.157190635451505 -13.205625882689066
4.193979933110368 -13.286756635047514
4.230769230769231 -13.366066428114745
4.2675585284280935 -13.444784702673234
4.304347826086956 -13.523311917624884
4.341137123745819 -13.601715571975797
4.377926421404682 -13.680016589750736
4.414715719063545 -13.758218222774058
4.4515050167224075 -13.836349746049523
4.488294314381271 -13.914382206409746
4.525083612040134 -13.992314796841246
4.561872909698996 -14.070173497905227
4.59866220735786 -14.147934277780537
4.635451505016722 -14.225596847856115
4.672240802675584 -14.303161860076957
4.709030100334448 -14.380654622854609
4.745819397993311 -14.458053866530399
4.782608695652174 -14.535360916542512
4.8193979933110365 -14.612599335571666
4.8561872909699 -14.68975187571513
4.892976588628763 -14.766820452954047
4.929765886287624 -14.843808033002695
4.966555183946488 -14.920739200058208
5.003344481605351 -14.997597830869884
5.040133779264213 -15.074387529144065
5.076923076923077 -15.151112806681724
5.113712374581938 -15.227800815629754
5.150501672240803 -15.304435717779423
5.187290969899665 -15.38102289099059
5.224080267558527 -15.457590811769451
5.260869565217392 -15.534125503748127
5.297658862876253 -15.610633382803528
5.334448160535117 -15.68712172969386
5.3712374581939795 -15.763624968531673
5.408026755852842 -15.840126469905453
5.444816053511706 -15.91663450704053
5.481605351170567 -15.993188218100526
5.518394648829432 -16.069770279261796
5.555183946488294 -16.146389358151627
5.591973244147156 -16.223055592667354
5.62876254180602 -16.299819286292692
5.665551839464882 -16.37665522076058
5.702341137123746 -16.45357379023563
5.739130434782608 -16.530586676320087
5.77591973244147 -16.607756675149176
5.812709030100335 -16.68504901379481
5.849498327759196 -16.762475980964673
5.88628762541806 -16.84011177401747
5.923076923076923 -16.917914921223257
5.959866220735785 -16.995897257950165
5.996655518394649 -17.074072352261975
6.03344481605351 -17.15253219188267
6.070234113712375 -17.231219741959077
6.107023411371237 -17.310147630744805
6.143812709030099 -17.389330074140833
6.1806020066889635 -17.468881195411885
6.217391304347825 -17.54872331048169
6.254180602006689 -17.628869440323612
6.290969899665551 -17.70944783232335
6.327759197324414 -17.7903707779008
6.364548494983278 -17.871649285241336
6.401337792642139 -17.95329626782945
6.438127090301002 -18.035462046537692
6.474916387959866 -18.1180374051843
6.511705685618728 -18.201033554188857
6.548494983277592 -18.284610904995027
6.585284280936454 -18.368655736234476
6.622073578595318 -18.453176207600634
6.65886287625418 -18.538182861562397
6.695652173913042 -18.623857498794965
6.7324414715719065 -18.710064927473738
6.769230769230768 -18.796813649177636
6.806020066889632 -18.8841137328695
6.842809364548494 -18.97217471081954
6.879598662207357 -19.060834595736424
6.916387959866221 -19.150101354363194
6.953177257525082 -19.240173041957977
6.989966555183947 -19.330903133643407
7.026755852842809 -19.422298038906945
7.063545150501671 -19.5143656416842
7.100334448160535 -19.607326902561216
7.137123745819397 -19.701013952962445
7.173913043478261 -19.795433115183314
7.210702341137123 -19.890591357864636
7.247491638795986 -19.986711045887308
7.2842809364548495 -20.08362256569513
7.321070234113711 -20.181332537382115
7.357859531772575 -20.280045783697194
7.394648829431438 -20.37961250594876
7.4314381270903 -20.48003909641019
7.468227424749164 -20.581331791793392
7.505016722408025 -20.683677897824513
7.54180602006689 -20.786941273501764
7.578595317725752 -20.89112873141913
7.615384615384614 -20.996398678314897
7.6521739130434785 -21.1026432190708
7.68896321070234 -21.20986999886259
7.725752508361204 -21.318086081602598
7.762541806020066 -21.427414467012426
7.799331103678929 -21.53777516453735
7.8361204013377925 -21.649176673720575
7.872909698996654 -21.761627106683928
7.909698996655519 -21.87523467864366
7.946488294314381 -21.989931806579364
7.983277591973243 -22.105728381137162
8.020066889632107 -22.222681267664385
8.05685618729097 -22.34076614822583
8.093645484949832 -22.459993251048054
8.130434782608695 -22.580372662111113
8.167224080267559 -22.701946793435148
8.20401337792642 -22.82470110455287
8.240802675585284 -22.948644568269835
8.277591973244148 -23.073801557222563
8.31438127090301 -23.200167372660626
8.351170568561873 -23.327748488020873
8.387959866220736 -23.45654968404991
8.424749163879596 -23.586577001084102
8.461538461538462 -23.71782793261937
8.498327759197323 -23.850300706575553
8.535117056856187 -23.983991182416453
8.57190635451505 -24.118892887478214
8.608695652173912 -24.25499302830645
8.645484949832776 -24.392275161417864
8.682274247491637 -24.530719050500686
8.719063545150501 -24.67030021665614
8.755852842809364 -24.81098853562135
8.792642140468228 -24.952745553032546
8.82943143812709 -25.095526362250965
8.866220735785953 -25.239280077655707
8.903010033444815 -25.38394993734811
8.939799331103679 -25.52947115209442
8.976588628762542 -25.675765887729458
9.013377926421404 -25.82274912459897
9.050167224080267 -25.97032825648147
9.08695652173913 -26.118406065726415
9.123745819397993 -26.26687773282503
9.160535117056856 -26.41562207725131
9.19732441471572 -26.564515462824666
9.234113712374581 -26.71343104333035
9.270903010033445 -26.86224769075373
9.307692307692308 -27.010842584368522
9.344481605351168 -27.15907461266602
9.381270903010034 -27.306818131459806
9.418060200668895 -27.45395816358767
9.454849498327759 -27.600407421954152
9.491638795986622 -27.74608557870361
9.528428093645484 -27.890894101845678
9.565217391304348 -28.03476943569153
9.60200668896321 -28.17767070556258
9.638795986622073 -28.31960830562344
9.675585284280936 -28.460595720494908
9.7123745819398 -28.60061292811818
9.749163879598662 -28.739683948995314
9.785953177257525 -28.87786852148606
9.822742474916385 -29.015287783636158
9.859531772575249 -29.152037678395217
9.896321070234114 -29.28814433801923
9.933110367892976 -29.423690157421216
9.969899665551837 -29.558809567075585
10.006688963210703 -29.693704688573472
10.043478260869565 -29.82851471113226
10.080267558528426 -29.963264218826826
10.11705685618729 -30.098064475260625
10.153846153846153 -30.23309665320941
10.190635451505017 -30.368627243906477
10.227424749163877 -30.50481225917095
10.264214046822742 -30.64165560102057
10.301003344481606 -30.779298718476852
10.337792642140466 -30.917975857118904
10.37458193979933 -31.058057564790893
10.411371237458194 -31.199750231102133
10.448160535117054 -31.34306626699775
10.484949832775918 -31.48824089935214
10.521739130434783 -31.635661737794155
10.558528428093645 -31.785999852607645
10.595317725752507 -31.9397081309016
10.632107023411372 -32.096996335735916
10.668896321070234 -32.25853541592934
10.705685618729095 -32.425479781361894
10.742474916387959 -32.59985579989835
10.779264214046822 -32.78370252592459
10.816053511705684 -32.979441898795606
10.852842809364548 -33.19216563188092
10.889632107023411 -33.432438855100024
10.926421404682275 -33.72522383173245
10.963210702341135 -34.14478639209511
11.0 -inf
0.0 -inf
0.036789297658862914 -18.903082289841514
0.07357859531772573 1.079940917532093
0.1103678929765886 1.0098036861257902
0.14715719063545152 0.9396810231853675
0.18394648829431437 0.869571282195063
0.22073578595317722 0.7994729144215781
0.25752508361204013 0.7293844564281049
0.294314381270903 0.6593045182797652
0.33110367892976583 0.5892317728783742
0.36789297658862874 0.5191649452298309
0.40468227424749165 0.4491028024230368
0.4414715719063545 0.3790441434859686
0.47826086956521735 0.3089877901463373
0.5150501672240803 0.2389325769408414
0.5518394648829431 0.1688773417028862
0.588628762541806 0.09882091541714381
0.6254180602006689 0.028762112689057755
0.6622073578595317 -0.04130027904866026
0.6989966555183945 -0.11136751085394626
0.7357859531772575 -0.1814408835291415
0.7725752508361204 -0.2515217607213371
0.8093645484949833 -0.32161158270968854
0.846153846153846 -0.39171188221457126
0.8829431438127089 -0.4618243009608655
0.9197324414715717 -0.5319506095918898
0.9565217391304348 -0.602092730278869
0.9933110367892977 -0.6722527619451634
1.0301003344481603 -0.7424330110546603
1.0668896321070234 -0.8126360276275696
1.1036789297658862 -0.8828646492635335
1.140468227424749 -0.9531220546047138
1.177257525083612 -1.0234118324882449
1.214046822742475 -1.093738072818773
1.2508361204013378 -1.164105493356545
1.2876254180602007 -1.2345196241781329
1.3244147157190633 -1.3049870926576892
1.3612040133779264 -1.3755160724738735
1.397993311036789 -1.4461169927311741
1.434782608695652 -1.5168036365825053
1.471571906354515 -1.5875947679214257
1.5083612040133776 -1.658516400857837
1.5451505016722409 -1.7296047330353626
1.5819397993311035 -1.800909603261371
1.6187290969899666 -1.8724981108335195
1.6555183946488294 -1.9444578209582828
1.692307692307692 -2.0168988465787097
1.7290969899665551 -2.0899541323232924
1.7658862876254178 -2.163777490454123
1.8026755852842808 -2.23853932918002
1.8394648829431437 -2.3144204622633606
1.8762541806020063 -2.391604759351091
1.9130434782608696 -2.470271595311858
1.9498327759197323 -2.55058903146018
1.9866220735785953 -2.6327084537678336
2.023411371237458 -2.716761071397518
2.060200668896321 -2.802856349218512
2.096989966555184 -2.8910821796386346
2.1337792642140467 -2.9815064256921398
2.1705685618729094 -3.0741794035771526
2.2073578595317724 -3.169136888985853
2.2441471571906355 -3.2664033042159555
2.280936454849498 -3.365994834591929
2.317725752508361 -3.467922317929144
2.354515050167224 -3.572193827973058
2.391304347826087 -3.678816934575122
2.42809364548495 -3.787800657220619
2.464882943143812 -3.899157150534274
2.5016722408026757 -4.012903170751525
2.5384615384615383 -4.129061367665347
2.5752508361204014 -4.247661445640163
2.6120401337792636 -4.368741228084514
2.6488294314381267 -4.492347658762681
2.6856187290969897 -4.61853776257083
2.722408026755853 -4.7473795864271064
2.759197324414716 -4.878953141905761
2.795986622073578 -5.013351362950252
2.832775919732441 -5.15068109611184
2.869565217391304 -5.291064134830794
2.9063545150501673 -5.434638317690016
2.94314381270903 -5.581558700024696
2.9799331103678925 -5.731998816744714
3.016722408026755 -5.886152045526211
3.0535117056856187 -6.044233094641691
3.0903010033444818 -6.206479623712125
3.1270903010033444 -6.373154009157419
3.1638795986622075 -6.544545282797981
3.2006688963210697 -6.720971246962349
3.237458193979933 -6.902780790139772
3.274247491638796 -7.090356399336563
3.311036789297659 -7.2841169082106205
3.347826086956521 -7.48452045875233
3.384615384615384 -7.692067689417073
3.421404682274247 -7.907305069194778
3.4581939799331103 -8.130828375867729
3.4949832775919734 -8.363286104203231
3.5317725752508355 -8.605382386330922
3.5685618729096986 -8.857878884042938
3.6053511705685617 -9.121594072351966
3.6421404682274248 -9.39739711886009
3.678929765886287 -9.686189563761328
3.71571906354515 -9.988861822287227
3.7525083612040127 -10.306193834919688
3.789297658862876 -10.638629482282811
3.8260869565217392 -10.985771814443604
3.862876254180602 -11.345263549985273
3.8996655518394645 -11.71046784865555
3.936454849498327 -12.066541820704881
3.9732441471571907 -12.387565048401978
4.010033444816053 -12.64464794429261
4.046822742474916 -12.828450501194906
4.083612040133779 -12.956956699682047
4.120401337792642 -13.055634439573684
4.157190635451505 -13.141563372400368
4.193979933110368 -13.222771903589814
4.230769230769231 -13.302388529214005
4.2675585284280935 -13.381472706780285
4.304347826086956 -13.460375715657024
4.341137123745819 -13.539150028573841
4.377926421404682 -13.617813539926443
4.414715719063545 -13.6963690291128
4.4515050167224075 -13.77484758044334
4.488294314381271 -13.853218737413941
4.525083612040134 -13.931481801334398
4.561872909698996 -14.009664461454749
4.59866220735786 -14.087741347526638
4.635451505016722 -14.165712211577508
4.672240802675584 -14.243577771443967
4.709030100334448 -14.321364906788796
4.745819397993311 -14.399051024454817
4.782608695652174 -14.476637473098949
4.8193979933110365 -14.554149153183008
4.8561872909699 -14.631567698545389
4.892976588628763 -14.708895010876436
4.929765886287624 -14.786134079085592
4.966555183946488 -14.863310691054773
5.003344481605351 -14.94040766095056
5.040133779264213 -15.017428581274253
5.076923076923077 -15.094377978627893
5.113712374581938 -15.171284081390025
5.150501672240803 -15.248130076552316
5.187290969899665 -15.324921334002289
5.224080267558527 -15.401687146045575
5.260869565217392 -15.478412821624483
5.297658862876253 -15.555104766907803
5.334448160535117 -15.631770259559964
5.3712374581939795 -15.708444358487348
5.408026755852842 -15.78510987263591
5.444816053511706 -15.861775073374572
5.481605351170567 -15.93847948144129
5.518394648829432 -16.015205467000015
5.555183946488294 -16.091961688339943
5.591973244147156 -16.168758290060286
5.62876254180602 -16.24564574389085
5.665551839464882 -16.322598729740147
5.702341137123746 -16.399627644905028
5.739130434782608 -16.476744179522157
5.77591973244147 -16.554011054798888
5.812709030100335 -16.63139362551843
5.849498327759196 -16.70890421176698
5.88628762541806 -16.786616676187872
5.923076923076923 -16.864489906296605
5.959866220735785 -16.94253578321317
5.996655518394649 -17.02076791441758
6.03344481605351 -17.099277723972847
6.070234113712375 -17.178008793026788
6.107023411371237 -17.256973808912377
6.143812709030099 -17.33618704826854
6.1806020066889635 -17.415761834164645
6.217391304347825 -17.495621359604378
6.254180602006689 -17.575778723778107
6.290969899665551 -17.656361246081264
6.327759197324414 -17.73728219918129
6.364548494983278 -17.81855270745061
6.401337792642139 -17.900185785873397
6.438127090301002 -17.98233070614903
6.474916387959866 -18.06487936876911
6.511705685618728 -18.147843116436874
6.548494983277592 -18.23138137093612
6.585284280936454 -18.315381463255104
6.622073578595318 -18.399851708738606
6.65886287625418 -18.484802798819032
6.695652173913042 -18.57041558897604
6.7324414715719065 -18.65655595286723
6.769230769230768 -18.7432325708434
6.806020066889632 -18.83045568695398
6.842809364548494 -18.918433992691376
6.879598662207357 -19.007006506178758
6.916387959866221 -19.09618139730331
6.953177257525082 -19.18615632624871
6.989966555183947 -19.27678538116034
7.026755852842809 -19.368075179774365
7.063545150501671 -19.460033827833314
7.100334448160535 -19.552882278910047
7.137123745819397 -19.64645296802726
7.173913043478261 -19.740752421710393
7.210702341137123 -19.835787826171774
7.247491638795986 -19.931782058735493
7.2842809364548495 -20.028565378292488
7.321070234113711 -20.126144609081408
7.357859531772575 -20.224725642036557
7.394648829431438 -20.324158069661802
7.4314381270903 -20.42444845976903
7.468227424749164 -20.525603222638445
7.505016722408025 -20.627811194491112
7.54180602006689 -20.730935200071464
7.578595317725752 -20.834982187217406
7.615384615384614 -20.940112432075523
7.6521739130434785 -21.04621674960054
7.68896321070234 -21.153302877100167
7.725752508361204 -21.261377948826073
7.762541806020066 -21.370566813375675
7.799331103678929 -21.48078813517127
7.8361204013377925 -21.59205047452163
7.872909698996654 -21.704361988812966
7.909698996655519 -21.817832876023477
7.946488294314381 -21.93239405498307
7.983277591973243 -22.048055482165374
8.020066889632107 -22.164875215341997
8.05685618729097 -22.282828143620755
8.093645484949832 -22.40192454815996
8.130434782608695 -22.52217458407118
8.167224080267559 -22.643621668369736
8.20401337792642 -22.7662506407093
8.240802675585284 -22.890070545976393
8.277591973244148 -23.015106347655788
8.31438127090301 -23.141353019695575
8.351170568561873 -23.2688171284673
8.387959866220736 -23.397503521964442
8.424749163879596 -23.527418402129733
8.461538461538462 -23.658559145973996
8.498327759197323 -23.790923974233642
8.535117056856187 -23.92450873553722
8.57190635451505 -24.059306918160264
8.608695652173912 -24.19530552495315
8.645484949832776 -24.332487822386128
8.682274247491637 -24.470833263001865
8.719063545150501 -24.610317014017145
8.755852842809364 -24.75090843240265
8.792642140468228 -24.89256835496338
8.82943143812709 -25.03525092827954
8.866220735785953 -25.178904255024324
8.903010033444815 -25.32347047744536
8.939799331103679 -25.46888341735251
8.976588628762542 -25.615063542144792
9.013377926421404 -25.761923779043734
9.050167224080267 -25.909369482443687
9.08695652173913 -26.057301415138944
9.123745819397993 -26.205612412097654
9.160535117056856 -26.35417865317652
9.19732441471572 -26.50287363614384
9.234113712374581 -26.65156815863316
9.270903010033445 -26.80013931885602
9.307692307692308 -26.948462525342684
9.344481605351168 -27.096394982487162
9.381270903010034 -27.243809667515908
9.418060200668895 -27.390591775162967
9.454849498327759 -27.53665571023339
9.491638795986622 -27.6819231321021
9.528428093645484 -27.826297547448487
9.565217391304348 -27.969718133590742
9.60200668896321 -28.112149034399803
9.638795986622073 -28.253607385569158
9.675585284280936 -28.394112758145862
9.7123745819398 -28.533649748414987
9.749163879598662 -28.67224737348032
9.785953177257525 -28.809972424534966
9.822742474916385 -28.94695430994696
9.859531772575249 -29.083294856423084
9.896321070234114 -29.219022398658417
9.933110367892976 -29.354222070985973
9.969899665551837 -29.4890332419784
10.006688963210703 -29.623664502752124
10.043478260869565 -29.758257582692
10.080267558528426 -29.892833839333374
10.11705685618729 -30.027503143503555
10.153846153846153 -30.16244915656187
10.190635451505017 -30.297944010619254
10.227424749163877 -30.434142911034574
10.264214046822742 -30.571041016370796
10.301003344481606 -30.708774506987353
10.337792642140466 -30.847580682667964
10.37458193979933 -30.98783847960278
10.411371237458194 -31.12975005112271
10.448160535117054 -31.273312043748536
10.484949832775918 -31.41875171218446
10.521739130434783 -31.566464866790405
10.558528428093645 -31.71713768606527
10.595317725752507 -31.871211542575587
10.632107023411372 -32.02886983027019
10.668896321070234 -32.19077525859348
10.705685618729095 -32.35810169445533
10.742474916387959 -32.53290152070171
10.779264214046822 -32.717185588815745
10.816053511705684 -32.913331141673225
10.852842809364548 -33.12642590162745
10.889632107023411 -33.36707620344369
10.926421404682275 -33.66030902897461
10.963210702341135 -34.080340656674835
11.0 -inf
0.0 -inf
0.036789297658862914 -18.90303125877605
0.07357859531772573 1.0869878563229316
0.1103678929765886 1.0168435428327833
0.14715719063545152 0.9467144815464725
0.18394648829431437 0.8765989760950259
0.22073578595317722 0.8064954330715459
0.25752508361204013 0.7364023490933049
0.294314381270903 0.666318298601463
0.33110367892976583 0.5962419229286562
0.36789297658862874 0.5261719192368122
0.40468227424749165 0.4561070302591636
0.4414715719063545 0.38604603388134295
0.47826086956521735 0.3159877337824693
0.5150501672240803 0.2459309493207386
0.5518394648829431 0.17587450589060355
0.588628762541806 0.10581722458619364
0.6254180602006689 0.035757912646171355
0.6622073578595317 -0.03430464750432722
0.6989966555183945 -0.10437170971296485
0.7357859531772575 -0.17444457536184813
0.7725752508361204 -0.2445246066345317
0.8093645484949833 -0.3146132404027544
0.846153846153846 -0.38471200424307594
0.8829431438127089 -0.4548225330835905
0.9197324414715717 -0.5249465894541072
0.9565217391304348 -0.5950860865051427
0.9933110367892977 -0.6652431136740555
1.0301003344481603 -0.7354199683581786
1.0668896321070234 -0.8056191931772033
1.1036789297658862 -0.8758436220835937
1.140468227424749 -0.9460964372589432
1.177257525083612 -1.016381244725634
1.214046822742475 -1.086702177312825
1.2508361204013378 -1.1570640446805212
1.2876254180602007 -1.2274725613194766
1.3244147157190633 -1.2979347102453327
1.3612040133779264 -1.368459324701652
1.397993311036789 -1.4390580030184057
1.434782608695652 -1.509746494948303
1.471571906354515 -1.5805466797558165
1.5083612040133776 -1.6514891891878045
1.5451505016722409 -1.722616583114384
1.5819397993311035 -1.7939867883304685
1.6187290969899666 -1.8656762929306745
1.6555183946488294 -1.9377824455131039
1.692307692307692 -2.01042420383675
1.7290969899665551 -2.0837408670774464
1.7658862876254178 -2.1578886676256848
1.8026755852842808 -2.233035516147042
1.8394648829431437 -2.309354556335147
1.8762541806020063 -2.3870173819436693
1.9130434782608696 -2.466187767090801
1.9498327759197323 -2.5470165752500495
1.9866220735785953 -2.629638231096632
2.023411371237458 -2.7141688381192197
2.060200668896321 -2.8007057877613977
2.096989966555184 -2.8893285620613267
2.1337792642140467 -2.9801003761170985
2.1705685618729094 -3.073070329416472
2.2073578595317724 -3.1682757952446265
2.2441471571906355 -3.265744855699314
2.280936454849498 -3.3654986587219713
2.317725752508361 -3.4675536320990146
2.354515050167224 -3.5719235266810974
2.391304347826087 -3.6786212888681904
2.42809364548495 -3.7876607706915855
2.464882943143812 -3.899058293021175
2.5016722408026757 -4.01283408178512
2.5384615384615383 -4.129013592158079
2.5752508361204014 -4.247628739058765
2.6120401337792636 -4.368719048330861
2.6488294314381267 -4.492332748367869
2.6856187290969897 -4.618527815669179
2.722408026755853 -4.747372990132287
2.759197324414716 -4.878948780211653
2.795986622073578 -5.013348470917964
2.832775919732441 -5.1506791534420096
2.869565217391304 -5.291062789146529
2.9063545150501673 -5.434637330209356
2.94314381270903 -5.581557907334751
2.9799331103678925 -5.731998104183949
3.016722408026755 -5.886151328193356
3.0535117056856187 -6.044232304009455
3.0903010033444818 -6.206478697676435
3.1270903010033444 -6.373152883374582
3.1638795986622075 -6.544543882875111
3.2006688963210697 -6.720969479710759
3.237458193979933 -6.902778532965279
3.274247491638796 -7.090353484381157
3.311036789297659 -7.284113100253125
3.347826086956521 -7.484515421241727
3.384615384615384 -7.6920609326032885
3.421404682274247 -7.9072958637492325
3.4581939799331103 -8.13081561496052
3.4949832775919734 -8.363268074720805
3.5317725752508355 -8.605356369550448
3.5685618729096986 -8.857840462404958
3.6053511705685617 -9.121535879316152
3.6421404682274248 -9.397306540596032
3.678929765886287 -9.68604433059445
3.71571906354515 -9.988621421033201
3.7525083612040127 -10.305782320802113
3.789297658862876 -10.637900181711798
3.8260869565217392 -10.984435024876356
3.862876254180602 -11.342743700563165
3.8996655518394645 -11.705660627270463
3.936454849498327 -12.05757868868387
3.9732441471571907 -12.372184939115556
4.010033444816053 -12.621888733456018
4.046822742474916 -12.799942421000537
4.083612040133779 -12.925407781519185
4.120401337792642 -13.022954581618489
4.157190635451505 -13.108649801384056
4.193979933110368 -13.189957732926153
4.230769230769231 -13.269778089469575
4.2675585284280935 -13.349092214715562
4.304347826086956 -13.42822915178997
4.341137123745819 -13.507234181185469
4.377926421404682 -13.586123792618876
4.414715719063545 -13.664900536372572
4.4515050167224075 -13.743596641589747
4.488294314381271 -13.822180643528917
4.525083612040134 -13.900651873294438
4.561872909698996 -13.979039088525187
4.59866220735786 -14.057316017355086
4.635451505016722 -14.135482403897985
4.672240802675584 -14.213538976372385
4.709030100334448 -14.291513606723305
4.745819397993311 -14.369382813226652
4.782608695652174 -14.44714793290924
4.8193979933110365 -14.52483471687234
4.8561872909699 -14.602424044973928
4.892976588628763 -14.679917788056008
4.929765886287624 -14.757318930426193
4.966555183946488 -14.834654036725695
5.003344481605351 -14.911905204067654
5.040133779264213 -14.989076002882433
5.076923076923077 -15.066170956537912
5.113712374581938 -15.143219001819809
5.150501672240803 -15.220202664513845
5.187290969899665 -15.297127300973829
5.224080267558527 -15.374022754579304
5.260869565217392 -15.450873840414141
5.297658862876253 -15.52768695394018
5.334448160535117 -15.604469368437789
5.3712374581939795 -15.681256595618576
5.408026755852842 -15.758031041964212
5.444816053511706 -15.834800978493908
5.481605351170567 -15.911606228858611
5.518394648829432 -15.988428922668227
5.555183946488294 -16.0652777147791
5.591973244147156 -16.142162759423876
5.62876254180602 -16.219134716226186
5.665551839464882 -16.2961681407114
5.702341137123746 -16.37327343812692
5.739130434782608 -16.450462312145426
5.77591973244147 -16.527797537522204
5.812709030100335 -16.605244474587764
5.849498327759196 -16.682815471658287
5.88628762541806 -16.760584292976002
5.923076923076923 -16.83850997103971
5.959866220735785 -16.916604421998493
5.996655518394649 -16.994881286417737
6.03344481605351 -17.073431764018146
6.070234113712375 -17.152199723081697
6.107023411371237 -17.231197892719145
6.143812709030099 -17.310440593779752
6.1806020066889635 -17.390040793635333
6.217391304347825 -17.469922114379088
6.254180602006689 -17.550097705594098
6.290969899665551 -17.63069444687787
6.327759197324414 -17.711626107545626
6.364548494983278 -17.79290388089219
6.401337792642139 -17.874540841960155
6.438127090301002 -17.956685744938014
6.474916387959866 -18.03923106272292
6.511705685618728 -18.122188211894283
6.548494983277592 -18.2057161074978
6.585284280936454 -18.28970263392713
6.622073578595318 -18.374156188982514
6.65886287625418 -18.459087541895016
6.695652173913042 -18.54467704371936
6.7324414715719065 -18.63079114007425
6.769230769230768 -18.717438603014497
6.806020066889632 -18.804629764457683
6.842809364548494 -18.892572839199055
6.879598662207357 -18.981107403438628
6.916387959866221 -19.07024172989965
6.953177257525082 -19.160173213829374
6.989966555183947 -19.25075630842404
7.026755852842809 -19.3419977360548
7.063545150501671 -19.433905714313067
7.100334448160535 -19.52670110975821
7.137123745819397 -19.62021658216009
7.173913043478261 -19.714458760488963
7.210702341137123 -19.809434940880255
7.247491638795986 -19.90536817253197
7.2842809364548495 -20.002088726731014
7.321070234113711 -20.09960353276143
7.357859531772575 -20.198118945112306
7.394648829431438 -20.297484313474396
7.4314381270903 -20.397706298950897
7.468227424749164 -20.498791404353057
7.505016722408025 -20.60092918867965
7.54180602006689 -20.70398199981938
7.578595317725752 -20.80795685832388
7.615384615384614 -20.913014975128956
7.6521739130434785 -21.01904652773697
7.68896321070234 -21.126059302162357
7.725752508361204 -21.234060468051755
7.762541806020066 -21.343175834516327
7.799331103678929 -21.453323365406455
7.8361204013377925 -21.564511650435886
7.872909698996654 -21.676748865911275
7.909698996655519 -21.790146271638598
7.946488294314381 -21.904633969197786
7.983277591973243 -22.02022194247657
8.020066889632107 -22.136968902946837
8.05685618729097 -22.254849282048752
8.093645484949832 -22.373873371205867
8.130434782608695 -22.494051344999654
8.167224080267559 -22.615427176845213
8.20401337792642 -22.73798532514334
8.240802675585284 -22.86173484670457
8.277591973244148 -22.986701018260405
8.31438127090301 -23.11287858390866
8.351170568561873 -23.24027412692183
8.387959866220736 -23.36889249224758
8.424749163879596 -23.498739929680838
8.461538461538462 -23.629813689367715
8.498327759197323 -23.76211193044927
8.535117056856187 -23.895630435783513
8.57190635451505 -24.03036260513569
8.608695652173912 -24.166295242504635
8.645484949832776 -24.30341135556235
8.682274247491637 -24.44169012429541
8.719063545150501 -24.581106416182024
8.755852842809364 -24.721629180770652
8.792642140468228 -24.863218717227785
8.82943143812709 -25.005828482733815
8.866220735785953 -25.14940585378472
8.903010033444815 -25.293892200505233
8.939799331103679 -25.43922038940303
8.976588628762542 -25.585309727721878
9.013377926421404 -25.732071770126073
9.050167224080267 -25.879410525306405
9.08695652173913 -26.027225451429402
9.123745819397993 -26.17540789198533
9.160535117056856 -26.32383235124605
9.19732441471572 -26.472370548042303
9.234113712374581 -26.620891870849103
9.270903010033445 -26.769272439124997
9.307692307692308 -26.91738671935055
9.344481605351168 -27.065091036561416
9.381270903010034 -27.21225774000677
9.418060200668895 -27.35877243431588
9.454849498327759 -27.504550953050124
9.491638795986622 -27.649516567156553
9.528428093645484 -27.79357439233227
9.565217391304348 -27.936665662439797
9.60200668896321 -28.078758035174094
9.638795986622073 -28.219873230459054
9.675585284280936 -28.360034901799256
9.7123745819398 -28.49923071190457
9.749163879598662 -28.63749294295174
9.785953177257525 -28.77489292733724
9.822742474916385 -28.91156532104249
9.859531772575249 -29.047615607985772
9.896321070234114 -29.183073415221724
9.933110367892976 -29.31802549482425
9.969899665551837 -29.452614203234024
10.006688963210703 -29.58705204142457
10.043478260869565 -29.721482165155482
10.080267558528426 -29.855923776704824
10.11705685618729 -29.990485780387964
10.153846153846153 -30.125353264319145
10.190635451505017 -30.260801722446264
10.227424749163877 -30.396985761466322
10.264214046822742 -30.533895092132546
10.301003344481606 -30.67166264188329
10.337792642140466 -30.810527508363037
10.37458193979933 -30.95087370332263
10.411371237458194 -31.09290079335278
10.448160535117054 -31.23659580859693
10.484949832775918 -31.382181146822024
10.521739130434783 -31.530057569831712
10.558528428093645 -31.680920492399256
10.595317725752507 -31.83520436223303
10.632107023411372 -31.99307649022475
10.668896321070234 -32.15519448223478
10.705685618729095 -32.3227440566302
10.742474916387959 -32.49779365620022
10.779264214046822 -32.68233703375454
10.816053511705684 -32.87872390276811
10.852842809364548 -33.09203916620405
10.889632107023411 -33.33291444905096
10.926421404682275 -33.62641705505506
10.963210702341135 -34.046733328688404
11.0 -inf
0.0 -inf
0.036789297658862914 -18.903005818404107
0.07357859531772573 1.0904807111786046
0.1103678929765886 1.020332076405763
0.14715719063545152 0.9501991125940963
0.18394648829431437 0.8800800925952142
0.22073578595317722 0.8099733954637208
0.25752508361204013 0.739877493228506
0.294314381270903 0.6697909384326531
0.33110367892976583 0.5997123530365855
0.36789297658862874 0.5296404171455268
0.40468227424749165 0.45957385860439776
0.4414715719063545 0.38951144240458774
0.47826086956521735 0.3194519612577422
0.5150501672240803 0.2493942253403161
0.5518394648829431 0.1793370525736003
0.588628762541806 0.10927925816898433
0.6254180602006689 0.039219645068894395
0.6622073578595317 -0.03084300711266414
0.6989966555183945 -0.10090995363174061
0.7357859531772575 -0.1709824958672972
0.7725752508361204 -0.24106199468729247
0.8093645484949833 -0.3111498843873368
0.846153846153846 -0.38124768882889104
0.8829431438127089 -0.4513570381246031
0.9197324414715717 -0.5214796890994623
0.9565217391304348 -0.5916175485707041
0.9933110367892977 -0.6617726993131008
1.0301003344481603 -0.7319474323649393
1.0668896321070234 -0.8021442852588888
1.1036789297658862 -0.8723660898923736
1.140468227424749 -0.9426160326356513
1.177257525083612 -1.0128977363982004
1.214046822742475 -1.0832153763261867
1.2508361204013378 -1.153573854661509
1.2876254180602007 -1.2239790747579096
1.3244147157190633 -1.2944383847297918
1.3612040133779264 -1.3649612859618059
1.397993311036789 -1.4355605282493347
1.434782608695652 -1.5062537189226817
1.471571906354515 -1.577065524678292
1.5083612040133776 -1.6480304417562344
1.5451505016722409 -1.7191959383088489
1.5819397993311035 -1.7906255809784233
1.6187290969899666 -1.8624015918157446
1.6555183946488294 -1.9346262355113761
1.692307692307692 -2.007421543974053
1.7290969899665551 -2.0809271553914166
1.7658862876254178 -2.1552963928629296
1.8026755852842808 -2.2306910446045896
1.8394648829431437 -2.3072755272622056
1.8762541806020063 -2.3852111571082073
1.9130434782608696 -2.4646511452012057
1.9498327759197323 -2.545736716822985
1.9866220735785953 -2.6285945206557177
2.023411371237458 -2.7133352865327884
2.060200668896321 -2.8000535597037963
2.096989966555184 -2.888828281636456
2.1337792642140467 -2.9797239801004363
2.1705685618729094 -3.0727923643497994
2.2073578595317724 -3.1680741625392477
2.2441471571906355 -3.265601083037885
2.280936454849498 -3.365397813504587
2.317725752508361 -3.467483999753335
2.354515050167224 -3.5718761629729823
2.391304347826087 -3.6785895313473826
2.42809364548495 -3.787639767588788
2.464882943143812 -3.8990445838702805
2.5016722408026757 -4.012825245372549
2.5384615384615383 -4.129007964197726
2.5752508361204014 -4.247625194187582
2.6120401337792636 -4.368716836981537
2.6488294314381267 -4.4923313781239615
2.6856187290969897 -4.61852696702253
2.722408026755853 -4.747372457862777
2.759197324414716 -4.8789484334629645
2.795986622073578 -5.013348226412158
2.832775919732441 -5.150678957812049
2.869565217391304 -5.291062607273243
2.9063545150501673 -5.434637137697056
2.94314381270903 -5.581557685550882
2.9799331103678925 -5.731997836977489
3.016722408026755 -5.886150999338231
3.0535117056856187 -6.044231895258353
3.0903010033444818 -6.206478186946859
3.1270903010033444 -6.373152242385066
3.1638795986622075 -6.544543074407855
3.2006688963210697 -6.720968453747929
3.237458193979933 -6.902777221381723
3.274247491638796 -7.090351792360785
3.311036789297659 -7.284110894009969
3.347826086956521 -7.48451250888044
3.384615384615384 -7.692057034780049
3.421404682274247 -7.907290564632292
3.4581939799331103 -8.130808284025461
3.4949832775919734 -8.363257737163627
3.5317725752508355 -8.605341480070066
3.5685618729096986 -8.857818513133196
3.6053511705685617 -9.121502693545624
3.6421404682274248 -9.397254976545899
3.678929765886287 -9.685961797692316
3.71571906354515 -9.988485052376047
3.7525083612040127 -10.30554933813028
3.789297658862876 -10.637488182565978
3.8260869565217392 -10.98368187617997
3.862876254180602 -11.341329293591455
3.8996655518394645 -11.702977640721835
3.936454849498327 -12.05262105733183
3.9732441471571907 -12.363787297275106
4.010033444816053 -12.609640851249482
4.046822742474916 -12.784776938921846
4.083612040133779 -12.908738767895658
4.120401337792642 -13.005748856608342
4.157190635451505 -13.091355623888159
4.193979933110368 -13.17274041474276
4.230769230769231 -13.252689071721523
4.2675585284280935 -13.332144164935782
4.304347826086956 -13.41142385700152
4.341137123745819 -13.490569727036583
4.377926421404682 -13.569597558743421
4.414715719063545 -13.648509780163883
4.4515050167224075 -13.727339325615228
4.488294314381271 -13.80605408545928
4.525083612040134 -13.884653393968673
4.561872909698996 -13.96316666321018
4.59866220735786 -14.041567043359947
4.635451505016722 -14.119854260445813
4.672240802675584 -14.198029036786481
4.709030100334448 -14.276119855999818
4.745819397993311 -14.354102667825256
4.782608695652174 -14.431978791711446
4.8193979933110365 -14.509774505324106
4.8561872909699 -14.587470204871037
4.892976588628763 -14.665067733470396
4.929765886287624 -14.742570064875821
4.966555183946488 -14.820004248904599
5.003344481605351 -14.897351922423752
5.040133779264213 -14.974616636165132
5.076923076923077 -15.051802906344466
5.113712374581938 -15.128940117468717
5.150501672240803 -15.206010369664584
5.187290969899665 -15.28301900737236
5.224080267558527 -15.359996227398685
5.260869565217392 -15.436926523635181
5.297658862876253 -15.513816282934997
5.334448160535117 -15.590672774713513
5.3712374581939795 -15.667531809739287
5.408026755852842 -15.744375527763454
5.444816053511706 -15.821212199773525
5.481605351170567 -15.898081859751562
5.518394648829432 -15.974966470725207
5.555183946488294 -16.051874686373196
5.591973244147156 -16.128816668987632
5.62876254180602 -16.205843225678294
5.665551839464882 -16.28292881225176
5.702341137123746 -16.360083841362837
5.739130434782608 -16.437320028439174
5.77591973244147 -16.514700220722755
5.812709030100335 -16.59218975324246
5.849498327759196 -16.669800995458306
5.88628762541806 -16.74760769562992
5.923076923076923 -16.825568944271186
5.959866220735785 -16.903696682223416
5.996655518394649 -16.98200457443977
6.03344481605351 -17.06058373519591
6.070234113712375 -17.13937817047739
6.107023411371237 -17.218400637950353
6.143812709030099 -17.29766548917324
6.1806020066889635 -17.377285533499705
6.217391304347825 -17.457184608758254
6.254180602006689 -17.53737589741591
6.290969899665551 -17.617986069431414
6.327759197324414 -17.698929151381588
6.364548494983278 -17.780216378946587
6.401337792642139 -17.861860864373206
6.438127090301002 -17.94401110605993
6.474916387959866 -18.026559875635225
6.511705685618728 -18.109518633327237
6.548494983277592 -18.1930460364315
6.585284280936454 -18.277030263627896
6.622073578595318 -18.361479759137186
6.65886287625418 -18.446405335625222
6.695652173913042 -18.531987080052524
6.7324414715719065 -18.618091745516313
6.769230769230768 -18.7047281538271
6.806020066889632 -18.791906683629993
6.842809364548494 -18.879835290007787
6.879598662207357 -18.968353854655376
6.916387959866221 -19.0574707045742
6.953177257525082 -19.14738307694807
6.989966555183947 -19.23794563362452
7.026755852842809 -19.329165151063062
7.063545150501671 -19.421049904632053
7.100334448160535 -19.5138206845302
7.137123745819397 -19.607310293997312
7.173913043478261 -19.70152541387628
7.210702341137123 -19.796473396072923
7.247491638795986 -19.892377340490842
7.2842809364548495 -19.98906755711635
7.321070234113711 -20.086551028694906
7.357859531772575 -20.18503430848518
7.394648829431438 -20.284366652621078
7.4314381270903 -20.38455477058666
7.468227424749164 -20.48560521308164
7.505016722408025 -20.58770787555098
7.54180602006689 -20.69072488829533
7.578595317725752 -20.794663309189918
7.615384615384614 -20.89968480637722
7.6521739130434785 -21.00567924796059
7.68896321070234 -21.112654444040842
7.725752508361204 -21.220617580414764
7.762541806020066 -21.329694950283685
7.799331103678929 -21.43980416178891
7.8361204013377925 -21.550953817324583
7.872909698996654 -21.663152099155116
7.909698996655519 -21.77651081501482
7.946488294314381 -21.89095963481327
7.983277591973243 -22.006508551425235
8.020066889632107 -22.12321661960659
8.05685618729097 -22.241058016317506
8.093645484949832 -22.360043026837317
8.130434782608695 -22.48018182471197
8.167224080267559 -22.60151867694205
8.20401337792642 -22.72403781785452
8.240802675585284 -22.847748293491858
8.277591973244148 -22.972675536236338
8.31438127090301 -23.09881413968781
8.351170568561873 -23.22617067464314
8.387959866220736 -23.354749959221973
8.424749163879596 -23.484558241778775
8.461538461538462 -23.615592666161227
8.498327759197323 -23.747851322170312
8.535117056856187 -23.881329919591494
8.57190635451505 -24.01602176801757
8.608695652173912 -24.15191351093537
8.645484949832776 -24.288987955439524
8.682274247491637 -24.427224072232992
8.719063545150501 -24.566596502750507
8.755852842809364 -24.707073902572013
8.792642140468228 -24.848616192298927
8.82943143812709 -24.99117635671167
8.866220735785953 -25.13470128007955
8.903010033444815 -25.279131816432425
8.939799331103679 -25.424400205365984
8.976588628762542 -25.57042499828127
9.013377926421404 -25.717116870229347
9.050167224080267 -25.864378977730034
9.08695652173913 -26.01210996801229
9.123745819397993 -26.160200269909
9.160535117056856 -26.308523363257418
9.19732441471572 -26.45694989993439
9.234113712374581 -26.605348454448592
9.270903010033445 -26.753594629096117
9.307692307692308 -26.901562413578255
9.344481605351168 -27.049107699174936
9.381270903010034 -27.19610258383413
9.418060200668895 -27.34243308668342
9.454849498327759 -27.488016109041986
9.491638795986622 -27.63277609748372
9.528428093645484 -27.776619321198737
9.565217391304348 -27.919488444022136
9.60200668896321 -28.061353452752694
9.638795986622073 -28.202239044240727
9.675585284280936 -28.34217149564319
9.7123745819398 -28.48114042222696
9.749163879598662 -28.619180161025433
9.785953177257525 -28.756364873448636
9.822742474916385 -28.892832451869687
9.859531772575249 -29.028690597949147
9.896321070234114 -29.163969678544884
9.933110367892976 -29.29875738038982
9.969899665551837 -29.43319783322877
10.006688963210703 -29.567505862486964
10.043478260869565 -29.701825414855673
10.080267558528426 -29.836174297873537
10.11705685618729 -29.970660767804567
10.153846153846153 -30.105470721244433
10.190635451505017 -30.2408816336744
10.227424749163877 -30.377047693175232
10.264214046822742 -30.51395526523758
10.301003344481606 -30.651735288097147
10.337792642140466 -30.79062790869754
10.37458193979933 -30.931020174415178
10.411371237458194 -31.073110080890025
10.448160535117054 -31.21687885157295
10.484949832775918 -31.36254595370756
10.521739130434783 -31.510515110144144
10.558528428093645 -31.661487305880495
10.595317725752507 -31.81589284678646
10.632107023411372 -31.973889348622844
10.668896321070234 -32.13613131434352
10.705685618729095 -32.30381159496313
10.742474916387959 -32.47900837858193
10.779264214046822 -32.66370515372407
10.816053511705684 -32.86023495015631
10.852842809364548 -33.07368083630096
10.889632107023411 -33.31468972768779
10.926421404682275 -33.60835352988578
10.963210702341135 -34.02884066266216
11.0 -inf
0.0 -inf
0.036789297658862914 -18.90299313455082
0.07357859531772573 1.0922225566154935
0.1103678929765886 1.022071352382131
0.14715719063545152 0.9519360690444991
0.18394648829431437 0.8818149609339633
0.22073578595317722 0.8117063905606996
0.25752508361204013 0.7416088152029782
0.294314381270903 0.6715207742853234
0.33110367892976583 0.6014408781826297
0.36789297658862874 0.531367796817125
0.40468227424749165 0.4613002491640845
0.4414715719063545 0.3912369925513749
0.47826086956521735 0.3211768131961681
0.5150501672240803 0.25111851586322403
0.5518394648829431 0.18106091410043584
0.588628762541806 0.11100281971351117
0.6254180602006689 0.040943033210744544
0.6622073578595317 -0.02911966731679969
0.6989966555183945 -0.09918653778285955
0.7357859531772575 -0.169258879345776
0.7725752508361204 -0.23933805183106213
0.8093645484949833 -0.30942548769531947
0.846153846153846 -0.37952270823260975
0.8829431438127089 -0.44963134027603713
0.9197324414715717 -0.5197531367878025
0.9565217391304348 -0.5898900003035303
0.9933110367892977 -0.6600440091041851
1.0301003344481603 -0.7302174499833046
1.0668896321070234 -0.8004128572598644
1.1036789297658862 -0.8706330621960883
1.140468227424749 -0.9408812561871753
1.177257525083612 -1.011161079270722
1.214046822742475 -1.0814767487685073
1.2508361204013378 -1.1518332590535656
1.2876254180602007 -1.2222367000849563
1.3244147157190633 -1.2926947739358328
1.3612040133779264 -1.3632176097527768
1.397993311036789 -1.4338189935948797
1.434782608695652 -1.5045181160324665
1.471571906354515 -1.5753418672926296
1.5083612040133776 -1.646327588103169
1.5451505016722409 -1.7175260143883369
1.5819397993311035 -1.7890039969081202
1.6187290969899666 -1.8608464768701733
1.6555183946488294 -1.9331572297625832
1.692307692307692 -2.0060580510725456
1.7290969899665551 -2.0796863284176395
1.7658862876254178 -2.15419122952256
1.8026755852842808 -2.2297289663808386
1.8394648829431437 -2.3064577074648294
1.8762541806020063 -2.3845326843010635
1.9130434782608696 -2.46410192280818
1.9498327759197323 -2.545302862575391
1.9866220735785953 -2.628259971606949
2.023411371237458 -2.7130833356477426
2.060200668896321 -2.7998681248559083
2.096989966555184 -2.888694804305919
2.1337792642140467 -2.9796299400301467
2.1705685618729094 -3.072727460466223
2.2073578595317724 -3.168030244084069
2.2441471571906355 -3.265571922116268
2.280936454849498 -3.3653787994377757
2.317725752508361 -3.4674718159914897
2.354515050167224 -3.5718684859450853
2.391304347826087 -3.6785847721991938
2.42809364548495 -3.7876368639412443
2.464882943143812 -3.8990428399180206
2.5016722408026757 -4.012824214041802
2.5384615384615383 -4.129007363250112
2.5752508361204014 -4.247624848293991
2.6120401337792636 -4.368716638742113
2.6488294314381267 -4.492331262506012
2.6856187290969897 -4.6185268949441305
2.722408026755853 -4.74737240580345
2.759197324414716 -4.8789483870439065
2.795986622073578 -5.013348176453247
2.832775919732441 -5.15067889795092
2.869565217391304 -5.2910625324412335
2.9063545150501673 -5.434637043189044
2.94314381270903 -5.581557566366018
2.9799331103678925 -5.731997687330535
3.016722408026755 -5.88615081207177
3.0535117056856187 -6.0442316612788325
3.0903010033444818 -6.206477894533309
3.1270903010033444 -6.373151876059019
3.1638795986622075 -6.544542613522189
3.2006688963210697 -6.720967870399129
3.237458193979933 -6.9027764774946005
3.274247491638796 -7.09035083491895
3.311036789297659 -7.2841096482311904
3.347826086956521 -7.48451086756817
3.384615384615384 -7.692054842019866
3.421404682274247 -7.9072875885101155
3.4581939799331103 -8.130804173193958
3.4949832775919734 -8.363251948951772
3.5317725752508355 -8.605333154978338
3.5685618729096986 -8.857806257602435
3.6053511705685617 -9.121484188966633
3.6421404682274248 -9.397226262598469
3.678929765886287 -9.685915900160383
3.71571906354515 -9.988409320255462
3.7525083612040127 -10.305420139096617
3.789297658862876 -10.637260075553282
3.8260869565217392 -10.983265674792746
3.862876254180602 -11.340549591631195
3.8996655518394645 -11.701503867650317
3.936454849498327 -12.049912307170873
3.9732441471571907 -12.359232743764297
4.010033444816053 -12.603051492300425
4.046822742474916 -12.776670105922294
4.083612040133779 -12.899863244398937
4.120401337792642 -12.996608219467486
4.157190635451505 -13.082181680755701
4.193979933110368 -13.163618285179087
4.230769230769231 -13.243645110111245
4.2675585284280935 -13.323184752366291
4.304347826086956 -13.402549840061736
4.341137123745819 -13.481779985959731
4.377926421404682 -13.560890605612633
4.414715719063545 -13.63988405969497
4.4515050167224075 -13.718793707005009
4.488294314381271 -13.79758704001938
4.525083612040134 -13.876263388922009
4.561872909698996 -13.954852558448811
4.59866220735786 -14.03332734179929
4.635451505016722 -14.111687448913768
4.672240802675584 -14.189933593728231
4.709030100334448 -14.26809462839044
4.745819397993311 -14.34614615193556
4.782608695652174 -14.424089469145684
4.8193979933110365 -14.501951175798204
4.8561872909699 -14.579711369318346
4.892976588628763 -14.657371872717988
4.929765886287624 -14.73493565037841
4.966555183946488 -14.812430046920584
5.003344481605351 -14.889836414795006
5.040133779264213 -14.967158290492236
5.076923076923077 -15.04440018391339
5.113712374581938 -15.121591753651918
5.150501672240803 -15.198714836322095
5.187290969899665 -15.275774767811278
5.224080267558527 -15.352801963281799
5.260869565217392 -15.429780716564078
5.297658862876253 -15.506717408573179
5.334448160535117 -15.583619305981642
5.3712374581939795 -15.660522407635977
5.408026755852842 -15.737408685299622
5.444816053511706 -15.814286410071322
5.481605351170567 -15.891195752066995
5.518394648829432 -15.96811856677525
5.555183946488294 -16.045063507611268
5.591973244147156 -16.122040742643765
5.62876254180602 -16.19910118053718
5.665551839464882 -16.27621920793311
5.702341137123746 -16.353405243047796
5.739130434782608 -16.43067100985979
5.77591973244147 -16.508079415216216
5.812709030100335 -16.585595767519564
5.849498327759196 -16.663232450603243
5.88628762541806 -16.741063221262316
5.923076923076923 -16.819047192470872
5.959866220735785 -16.897196321366867
5.996655518394649 -16.975524289394972
6.03344481605351 -17.054122181032547
6.070234113712375 -17.132934069463218
6.107023411371237 -17.211972730931393
6.143812709030099 -17.291252537159778
6.1806020066889635 -17.37088622770596
6.217391304347825 -17.450797750644487
6.254180602006689 -17.531000309325865
6.290969899665551 -17.611620473291747
6.327759197324414 -17.69257240414891
6.364548494983278 -17.773867363475404
6.401337792642139 -17.8555184864495
6.438127090301002 -17.93767414453846
6.474916387959866 -18.0202272669659
6.511705685618728 -18.10318934000541
6.548494983277592 -18.186718889901762
6.585284280936454 -18.27070425292095
6.622073578595318 -18.355153900015207
6.65886287625418 -18.44007866877199
6.695652173913042 -18.525658508877463
6.7324414715719065 -18.611760339128338
6.769230769230768 -18.69839300914147
6.806020066889632 -18.785566923281905
6.842809364548494 -18.873489897697603
6.879598662207357 -18.962001980465335
6.916387959866221 -19.05111152808105
6.953177257525082 -19.141015688242078
6.989966555183947 -19.231569239829245
7.026755852842809 -19.322778988005133
7.063545150501671 -19.41465323870397
7.100334448160535 -19.507412730524088
7.137123745819397 -19.600890352722462
7.173913043478261 -19.69509281289787
7.210702341137123 -19.79002749166699
7.247491638795986 -19.885917499557774
7.2842809364548495 -19.98259318041976
7.321070234113711 -20.080061544338875
7.357859531772575 -20.17852922922345
7.394648829431438 -20.277845457067723
7.4314381270903 -20.378016962325766
7.468227424749164 -20.47905032025821
7.505016722408025 -20.58113558199604
7.54180602006689 -20.684134779057644
7.578595317725752 -20.78805498805643
7.615384615384614 -20.893058098067694
7.6521739130434785 -20.99903382850939
7.68896321070234 -21.10599000090708
7.725752508361204 -21.213933807826184
7.762541806020066 -21.32299178174869
7.799331103678929 -21.433081353084457
7.8361204013377925 -21.54421112903166
7.872909698996654 -21.65638929250456
7.909698996655519 -21.769727926748338
7.946488294314381 -21.884156478597667
7.983277591973243 -21.9996849423388
8.020066889632107 -22.116372547381395
8.05685618729097 -22.23419333292544
8.093645484949832 -22.353157574346465
8.130434782608695 -22.4732754380749
8.167224080267559 -22.594591340330403
8.20401337792642 -22.7170893881648
8.240802675585284 -22.84077861206791
8.277591973244148 -22.965684517207084
8.31438127090301 -23.091801603678615
8.351170568561873 -23.219136423126745
8.387959866220736 -23.347693764807225
8.424749163879596 -23.477479859876464
8.461538461538462 -23.608491774278644
8.498327759197323 -23.740727539957277
8.535117056856187 -23.874182805917535
8.57190635451505 -24.008850808884247
8.608695652173912 -24.144718076362615
8.645484949832776 -24.281767273623185
8.682274247491637 -24.419977224132886
8.719063545150501 -24.559322411971937
8.755852842809364 -24.69977129376312
8.792642140468228 -24.841283538339955
8.82943143812709 -24.98381182219898
8.866220735785953 -25.12730271094043
8.903010033444815 -25.27169672792976
8.939799331103679 -25.41692571673617
8.976588628762542 -25.56290775446716
9.013377926421404 -25.709552971221797
9.050167224080267 -25.85676400086116
9.08695652173913 -26.00443900091475
9.123745819397993 -26.152467854169462
9.160535117056856 -26.300723430983332
9.19732441471572 -26.449075758687083
9.234113712374581 -26.5973929518775
9.270903010033445 -26.745550346726205
9.307692307692308 -26.893421699652787
9.344481605351168 -27.040862696690013
9.381270903010034 -27.18774535287289
9.418060200668895 -27.333956016729978
9.454849498327759 -27.47941232312239
9.491638795986622 -27.624039513907498
9.528428093645484 -27.76774462953344
9.565217391304348 -27.91047127078107
9.60200668896321 -28.05219090184465
9.638795986622073 -28.192930080945278
9.675585284280936 -28.332716713206597
9.7123745819398 -28.47154161644365
9.749163879598662 -28.609440382613663
9.785953177257525 -28.74648888870313
9.822742474916385 -28.882826976228994
9.859531772575249 -29.018563665218757
9.896321070234114 -29.153729740697113
9.933110367892976 -29.28841342279685
9.969899665551837 -29.42275987835796
10.006688963210703 -29.55698529561312
10.043478260869565 -29.691234057986215
10.080267558528426 -29.825523100329175
10.11705685618729 -29.959960262464417
10.153846153846153 -30.094731896262928
10.190635451505017 -30.23011663238462
10.227424749163877 -30.366268382689288
10.264214046822742 -30.503171496226987
10.301003344481606 -30.640955714378748
10.337792642140466 -30.779861790744416
10.37458193979933 -30.92027856376735
10.411371237458194 -31.062403087873577
10.448160535117054 -31.206213130080716
10.484949832775918 -31.35192641375469
10.521739130434783 -31.499948409564745
10.558528428093645 -31.650983410129516
10.595317725752507 -31.805459271849678
10.632107023411372 -31.96352785103917
10.668896321070234 -32.12584179750585
10.705685618729095 -32.293598192606744
10.742474916387959 -32.46888103484412
10.779264214046822 -32.653667733909124
10.816053511705684 -32.85028137954846
10.852842809364548 -33.06380390056836
10.889632107023411 -33.30489130720317
10.926421404682275 -33.59865022290219
10.963210702341135 -34.01923847255348
11.0 -inf
0.0 -inf
0.036789297658862914 -18.902986810381698
0.07357859531772573 1.0930938171233384
0.1103678929765886 1.022941116996852
0.14715719063545152 0.9528044838237004
0.18394648829431437 0.882682161024241
0.22073578595317722 0.8125725013766848
0.25752508361204013 0.7424739534950527
0.294314381270903 0.6723850491089651
0.33110367892976583 0.6023043918091818
0.36789297658862874 0.5322306455654952
0.40468227424749165 0.4621625241794484
0.4414715719063545 0.392098780519541
0.47826086956521735 0.3220381970378844
0.5150501672240803 0.251979575377016
0.5518394648829431 0.1819217265803486
0.588628762541806 0.11186346052587116
0.6254180602006689 0.04180357637656209
0.6622073578595317 -0.028259148574301604
0.6989966555183945 -0.09832597051530524
0.7357859531772575 -0.16839819034457873
0.7725752508361204 -0.23847716712334233
0.8093645484949833 -0.3085643320509552
0.846153846153846 -0.37866120470802184
0.8829431438127089 -0.44876940976383484
0.9197324414715717 -0.5188906976439601
0.9565217391304348 -0.5890269680788761
0.9933110367892977 -0.6591802964241206
1.0301003344481603 -0.7293529667768146
1.0668896321070234 -0.7995475116491034
1.1036789297658862 -0.8697667627918162
1.140468227424749 -0.9400139173488161
1.177257525083612 -1.0102926326371422
1.214046822742475 -1.0806071672690407
1.2508361204013378 -1.1509626041131307
1.2876254180602007 -1.2213652080921718
1.3244147157190633 -1.2918230022127386
1.3612040133779264 -1.3623466606058565
1.397993311036789 -1.4329508220593388
1.434782608695652 -1.5036558985981612
1.471571906354515 -1.574490367217336
1.5083612040133776 -1.6454934102626249
1.5451505016722409 -1.7167176199016225
1.5819397993311035 -1.7882313669515761
1.6187290969899666 -1.8601203852251083
1.6555183946488294 -1.9324881912487728
1.692307692307692 -2.0054551219011048
1.7290969899665551 -2.079156000944712
1.7658862876254178 -2.1537366575393335
1.8026755852842808 -2.2293496775086727
1.8394648829431437 -2.306149835841169
1.8762541806020063 -2.3842896340103246
1.9130434782608696 -2.463915289667819
1.9498327759197323 -2.5451634173466906
1.9866220735785953 -2.6281585365799707
2.023411371237458 -2.7130114476633826
2.060200668896321 -2.7998184461450024
2.096989966555184 -2.8886612984982887
2.1337792642140467 -2.9796078646877397
2.1705685618729094 -3.0727132394940604
2.2073578595317724 -3.1680212788927324
2.2441471571906355 -3.2655663870020435
2.280936454849498 -3.365375450694069
2.317725752508361 -3.46746983010821
2.354515050167224 -3.571867331744315
2.391304347826087 -3.6785841152707777
2.42809364548495 -3.7876364984268895
2.464882943143812 -3.899042641680085
2.5016722408026757 -4.012824109620059
2.5384615384615383 -4.1290073098906515
2.5752508361204014 -4.247624821455585
2.6120401337792636 -4.368716624445204
2.6488294314381267 -4.492331252773504
2.6856187290969897 -4.618526885132552
2.722408026755853 -4.7473723930394
2.759197324414716 -4.87894836934169
2.795986622073578 -5.013348152201401
2.832775919732441 -5.150678865618303
2.869565217391304 -5.291062490350127
2.9063545150501673 -5.434636989366906
2.94314381270903 -5.58155749839503
2.9799331103678925 -5.731997602201664
3.016722408026755 -5.886150705929658
3.0535117056856187 -6.044231529150763
3.0903010033444818 -6.206477729971236
3.1270903010033444 -6.373151670527755
3.1638795986622075 -6.544542355629857
3.2006688963210697 -6.720967544752156
3.237458193979933 -6.902776063098954
3.274247491638796 -7.090350302556637
3.311036789297659 -7.284108956713832
3.347826086956521 -7.484509957892084
3.384615384615384 -7.692053628429084
3.421404682274247 -7.9072859435292235
3.4581939799331103 -8.130801903834017
3.4949832775919734 -8.363248757363147
3.5317725752508355 -8.605328569754413
3.5685618729096986 -8.857799515004023
3.6053511705685617 -9.121474019280713
3.6421404682274248 -9.397210498948947
3.678929765886287 -9.685890729894917
3.71571906354515 -9.988367833871383
3.7525083612040127 -10.305349443610295
3.789297658862876 -10.637135411392022
3.8260869565217392 -10.983038528285915
3.862876254180602 -11.340124783657103
3.8996655518394645 -11.700702750788421
3.936454849498327 -12.048444678185218
3.9732441471571907 -12.35677574443757
4.010033444816053 -12.59951338785148
4.046822742474916 -12.77233359591114
4.083612040133779 -12.895127221074668
4.120401337792642 -12.991738463282022
4.157190635451505 -13.077300018297045
4.193979933110368 -13.15876931352266
4.230769230769231 -13.238842579324897
4.2675585284280935 -13.318431942621984
4.304347826086956 -13.397847162541245
4.341137123745819 -13.477126793876854
4.377926421404682 -13.556286057128563
4.414715719063545 -13.635327275587553
4.4515050167224075 -13.714284058397746
4.488294314381271 -13.793123659456716
4.525083612040134 -13.871845404146201
4.561872909698996 -13.950479328290443
4.59866220735786 -14.028998010931206
4.635451505016722 -14.107401150463074
4.672240802675584 -14.18568945397249
4.709030100334448 -14.26389199108582
4.745819397993311 -14.34198415066448
4.782608695652174 -14.419967227243145
4.8193979933110365 -14.497868004666595
4.8561872909699 -14.575666401155612
4.892976588628763 -14.653364226540525
4.929765886287624 -14.73096443851154
4.966555183946488 -14.808494556651581
5.003344481605351 -14.885935762807334
5.040133779264213 -14.96329158416564
5.076923076923077 -15.040566526148575
5.113712374581938 -15.11779041083108
5.150501672240803 -15.194944916590575
5.187290969899665 -15.272035373770404
5.224080267558527 -15.349092328580255
5.260869565217392 -15.426099954248752
5.297658862876253 -15.503064627941633
5.334448160535117 -15.579993614604001
5.3712374581939795 -15.656923027278564
5.408026755852842 -15.733834735744512
5.444816053511706 -15.81073701127681
5.481605351170567 -15.887670108181819
5.518394648829432 -15.96461581564719
5.555183946488294 -16.04158278717064
5.591973244147156 -16.11858119465948
5.62876254180602 -16.195662011935262
5.665551839464882 -16.272799581171856
5.702341137123746 -16.350004324369902
5.739130434782608 -16.42728797120768
5.77591973244147 -16.504713470302775
5.812709030100335 -16.58224610971583
5.849498327759196 -16.65989828248347
5.88628762541806 -16.737743758007227
5.923076923076923 -16.815741657388326
5.959866220735785 -16.89390394801835
5.996655518394649 -16.97224432186961
6.03344481605351 -17.050853854922956
6.070234113712375 -17.129676653490865
6.107023411371237 -17.20872550540927
6.143812709030099 -17.28801479505135
6.1806020066889635 -17.367657231510897
6.217391304347825 -17.447576819695477
6.254180602006689 -17.527786775799818
6.290969899665551 -17.60841362113413
6.327759197324414 -17.689371588611255
6.364548494983278 -17.77067195533195
6.401337792642139 -17.852327870322867
6.438127090301002 -17.93448764186062
6.474916387959866 -18.01704428271097
6.511705685618728 -18.100009294535308
6.548494983277592 -18.183541136878098
6.585284280936454 -18.2675282305907
6.622073578595318 -18.351979062028697
6.65886287625418 -18.436904483124266
6.695652173913042 -18.52248437240372
6.7324414715719065 -18.608585737981993
6.769230769230768 -18.695217445152597
6.806020066889632 -18.782389912626417
6.842809364548494 -18.870310882886596
6.879598662207357 -18.95882049432056
6.916387959866221 -19.047927119670266
6.953177257525082 -19.13782785728183
6.989966555183947 -19.228377550966623
7.026755852842809 -19.319583021366654
7.063545150501671 -19.411452590837136
7.100334448160535 -19.50420696637258
7.137123745819397 -19.59767908714681
7.173913043478261 -19.69187567478512
7.210702341137123 -19.786804124894086
7.247491638795986 -19.882687546954518
7.2842809364548495 -19.979356308548013
7.321070234113711 -20.07681743387639
7.357859531772575 -20.175277596597706
7.394648829431438 -20.27458600752737
7.4314381270903 -20.374749414054197
7.468227424749164 -20.475774404047044
7.505016722408025 -20.577851100517087
7.54180602006689 -20.68084149032805
7.578595317725752 -20.784752659427134
7.615384615384614 -20.889746602997924
7.6521739130434785 -20.9957129694012
7.68896321070234 -21.102659585444435
7.725752508361204 -21.210593646279296
7.762541806020066 -21.319641801254996
7.799331103678929 -21.429721392834722
7.8361204013377925 -21.54084102969376
7.872909698996654 -21.653008893726952
7.909698996655519 -21.76633720429765
7.946488294314381 -21.880755294590056
7.983277591973243 -21.996273157815402
8.020066889632107 -22.11295011023658
8.05685618729097 -22.23076011785187
8.093645484949832 -22.34971344725823
8.130434782608695 -22.46982025761188
8.167224080267559 -22.591125038812063
8.20401337792642 -22.713611827401543
8.240802675585284 -22.83728964037192
8.277591973244148 -22.962184014870385
8.31438127090301 -23.08828939513563
8.351170568561873 -23.21561231588345
8.387959866220736 -23.344157543185503
8.424749163879596 -23.47393128987552
8.461538461538462 -23.60493056939193
8.498327759197323 -23.737153371682687
8.535117056856187 -23.870595301664633
8.57190635451505 -24.00524954386787
8.608695652173912 -24.141102547983497
8.645484949832776 -24.278136885322468
8.682274247491637 -24.416331282080407
8.719063545150501 -24.55566011905917
8.755852842809364 -24.696091724748314
8.792642140468228 -24.837585607890887
8.82943143812709 -24.980094251597208
8.866220735785953 -25.123564022723336
8.903010033444815 -25.267935239987757
8.939799331103679 -25.413139504527372
8.976588628762542 -25.559094604778323
9.013377926421404 -25.705710342456403
9.050167224080267 -25.852889039031428
9.08695652173913 -26.00052856301322
9.123745819397993 -26.148518477996394
9.160535117056856 -26.29673129926958
9.19732441471572 -26.44503669523612
9.234113712374581 -26.59330252442483
9.270903010033445 -26.741403988183045
9.307692307692308 -26.889214731437786
9.344481605351168 -27.036590346241805
9.381270903010034 -27.183402831338775
9.418060200668895 -27.329538767025046
9.454849498327759 -27.474916262844598
9.491638795986622 -27.619461070001467
9.528428093645484 -27.76308071892566
9.565217391304348 -27.905719397415577
9.60200668896321 -28.04734947460819
9.638795986622073 -28.187998637283318
9.675585284280936 -28.32769577211876
9.7123745819398 -28.46643241784456
9.749163879598662 -28.60424491416525
9.785953177257525 -28.74121015522599
9.822742474916385 -28.877469132672164
9.859531772575249 -29.01313163691025
9.896321070234114 -29.148228687458186
9.933110367892976 -29.282848806153154
9.969899665551837 -29.41713775853402
10.006688963210703 -29.55131252144351
10.043478260869565 -29.685517718951683
10.080267558528426 -29.819769755986897
10.11705685618729 -29.954176214622766
10.153846153846153 -30.08892370173257
10.190635451505017 -30.224291513719084
10.227424749163877 -30.360433388424106
10.264214046822742 -30.49733248212337
10.301003344481606 -30.635117828760187
10.337792642140466 -30.774030529055597
10.37458193979933 -30.914460463241685
10.411371237458194 -31.056604130814602
10.448160535117054 -31.200437273090035
10.484949832775918 -31.346176591406582
10.521739130434783 -31.494228573523777
10.558528428093645 -31.6452994452923
10.595317725752507 -31.799815634058213
10.632107023411372 -31.95792562718154
10.668896321070234 -32.12028098654715
10.705685618729095 -32.288081264272655
10.742474916387959 -32.46341386438379
10.779264214046822 -32.64825264915145
10.816053511705684 -32.8449148847888
10.852842809364548 -33.05848181442028
10.889632107023411 -33.29961476989384
10.926421404682275 -33.59342901954221
10.963210702341135 -34.01407621549823
11.0 -inf
0.0 -inf
0.036789297658862914 -18.902983657031054
0.07357859531772573 1.0935302708181132
0.1103678929765886 1.0233767146839945
0.14715719063545152 0.9532393093989413
0.18394648829431437 0.883116292065298
0.22073578595317722 0.8130060098345763
0.25752508361204013 0.7429069063186095
0.294314381270903 0.6728175088106514
0.33110367892976583 0.6027364169967873
0.36789297658862874 0.5326622914268333
0.40468227424749165 0.46259384293608485
0.4414715719063545 0.3925298218426925
0.47826086956521735 0.32246900845363247
0.5150501672240803 0.25241020264144215
0.5518394648829431 0.18235221404077376
0.588628762541806 0.11229385145886525
0.6254180602006689 0.04223391333106672
0.6622073578595317 -0.02782882345347778
0.6989966555183945 -0.09789561517661573
0.7357859531772575 -0.16796776250932405
0.7725752508361204 -0.2380466239816051
0.8093645484949833 -0.3081336299616548
0.846153846153846 -0.37823029891802706
0.8829431438127089 -0.44833825412860806
0.9197324414715717 -0.5184592443947438
0.9565217391304348 -0.5885951676579111
0.9933110367892977 -0.6587480974318647
1.0301003344481603 -0.7289203161967907
1.0668896321070234 -0.7991143556515756
1.1036789297658862 -0.8693330488308556
1.140468227424749 -0.9395795990571268
1.177257525083612 -1.0098576805710409
1.214046822742475 -1.0801715909552743
1.2508361204013378 -1.150526494065938
1.2876254180602007 -1.2209288093552542
1.3244147157190633 -1.29138683125773
1.3612040133779264 -1.361911671423728
1.397993311036789 -1.432518612055965
1.434782608695652 -1.503228920672323
1.471571906354515 -1.5740720874016139
1.5083612040133776 -1.6450883333776434
1.5451505016722409 -1.7163311132532508
1.5819397993311035 -1.7878692521565525
1.6187290969899666 -1.859788333999086
1.6555183946488294 -1.9321910303369638
1.692307692307692 -2.005196196116752
1.7290969899665551 -2.078936740362219
1.7658862876254178 -2.1535564435968757
1.8026755852842808 -2.2292060226562938
1.8394648829431437 -2.3060388128775897
1.8762541806020063 -2.3842064409105825
1.9130434782608696 -2.4638548253663655
1.9498327759197323 -2.5451207684615507
1.9866220735785953 -2.628129318606149
2.023411371237458 -2.712991988887999
2.060200668896321 -2.7998058359329043
2.096989966555184 -2.888653338829798
2.1337792642140467 -2.9796029664879002
2.1705685618729094 -3.0727102985042842
2.2073578595317724 -3.1680195550288115
2.2441471571906355 -3.2655654004860213
2.280936454849498 -3.365374899903957
2.317725752508361 -3.467469530737156
2.354515050167224 -3.5718671740909116
2.391304347826087 -3.678584035607209
2.42809364548495 -3.787636460549823
2.464882943143812 -3.8990426254241712
2.5016722408026757 -4.0128241039382955
2.5384615384615383 -4.129007308797016
2.5752508361204014 -4.24762482171072
2.6120401337792636 -4.36871662425279
2.6488294314381267 -4.492331251072571
2.6856187290969897 -4.618526881217083
2.722408026755853 -4.747372386340369
2.759197324414716 -4.878948359313139
2.795986622073578 -5.01334813824873
2.832775919732441 -5.150678847054239
2.869565217391304 -5.291062466334312
2.9063545150501673 -5.434636958859482
2.94314381270903 -5.581557460092823
2.9799331103678925 -5.7319975544684345
3.016722408026755 -5.886150646661425
3.0535117056856187 -6.0442314556307455
3.0903010033444818 -6.2064776386764295
3.1270903010033444 -6.373151556795479
3.1638795986622075 -6.544542213239153
3.2006688963210697 -6.720967365300509
3.237458193979933 -6.902775835133283
3.274247491638796 -7.090350010144569
3.311036789297659 -7.284108577407216
3.347826086956521 -7.484509459550313
3.384615384615384 -7.6920529643674795
3.421404682274247 -7.907285044388102
3.4581939799331103 -8.130800664668126
3.4949832775919734 -8.363247016308481
3.5317725752508355 -8.605326070779814
3.5685618729096986 -8.857795843566459
3.6053511705685617 -9.121468486650537
3.6421404682274248 -9.397201930580357
3.678929765886287 -9.685877060593164
3.71571906354515 -9.988345323800774
3.7525083612040127 -10.305311120277654
3.789297658862876 -10.637067897625176
3.8260869565217392 -10.98291564417824
3.862876254180602 -11.339895250922655
3.8996655518394645 -11.700270568546005
3.936454849498327 -12.047654582993607
3.9732441471571907 -12.355456549340147
4.010033444816053 -12.597619115519844
4.046822742474916 -12.77001731601652
4.083612040133779 -12.892601737789741
4.120401337792642 -12.989144781806463
4.157190635451505 -13.074702597399131
4.193979933110368 -13.156191693529317
4.230769230769231 -13.236291991580716
4.2675585284280935 -13.315910089205012
4.304347826086956 -13.395354245271921
4.341137123745819 -13.474662443358893
4.377926421404682 -13.553849800025557
4.414715719063545 -13.632918617877893
4.4515050167224075 -13.711902651075507
4.488294314381271 -13.790769013719904
4.525083612040134 -13.869517027445156
4.561872909698996 -13.948176861726532
4.59866220735786 -14.026720970096957
4.635451505016722 -14.10514904344034
4.672240802675584 -14.18346178411681
4.709030100334448 -14.261688387769773
4.745819397993311 -14.339804120198627
4.782608695652174 -14.417810269374563
4.8193979933110365 -14.49573372825592
4.8561872909699 -14.57355431009003
4.892976588628763 -14.65127381656
4.929765886287624 -14.728895201033641
4.966555183946488 -14.806446084876915
5.003344481605351 -14.883907550006509
5.040133779264213 -14.96128311788182
5.076923076923077 -15.038577291052928
5.113712374581938 -15.115819987031522
5.150501672240803 -15.19299279144674
5.187290969899665 -15.270101031258942
5.224080267558527 -15.347175329517158
5.260869565217392 -15.424199788579001
5.297658862876253 -15.50118078337013
5.334448160535117 -15.57812557782309
5.3712374581939795 -15.65507035248118
5.408026755852842 -15.731996916905777
5.444816053511706 -15.808913542551354
5.481605351170567 -15.885860534122632
5.518394648829432 -15.962819641251851
5.555183946488294 -16.039799517612973
5.591973244147156 -16.116810337544113
5.62876254180602 -16.193903114821932
5.665551839464882 -16.27105216435913
5.702341137123746 -16.34826791058414
5.739130434782608 -16.425562086775127
5.77591973244147 -16.502997668542786
5.812709030100335 -16.580539930237475
5.849498327759196 -16.658201270550762
5.88628762541806 -16.736055469409006
5.923076923076923 -16.81406165046891
5.959866220735785 -16.892231787348628
5.996655518394649 -16.970579578472996
6.03344481605351 -17.049196098781756
6.070234113712375 -17.128025471016784
6.107023411371237 -17.207080490011947
6.143812709030099 -17.28637554780399
6.1806020066889635 -17.366023340436996
6.217391304347825 -17.445947902240043
6.254180602006689 -17.52616245708806
6.290969899665551 -17.60679350310387
6.327759197324414 -17.68775531092463
6.364548494983278 -17.769059166765977
6.401337792642139 -17.850718227834935
6.438127090301002 -17.932880770884537
6.474916387959866 -18.01543985301486
6.511705685618728 -18.09840698483803
6.548494983277592 -18.18194059191978
6.585284280936454 -18.26592914048111
6.622073578595318 -18.350381125678542
6.65886287625418 -18.43530740764035
6.695652173913042 -18.520887828052803
6.7324414715719065 -18.606989443090995
6.769230769230768 -18.693621126865583
6.806020066889632 -18.78079330609544
6.842809364548494 -18.868713684399335
6.879598662207357 -18.95722244900654
6.916387959866221 -19.04632798163254
6.953177257525082 -19.13622735379884
6.989966555183947 -19.226775445046446
7.026755852842809 -19.31797908442157
7.063545150501671 -19.409846603161984
7.100334448160535 -19.502598689813112
7.137123745819397 -19.596068311936016
7.173913043478261 -19.690262198584946
7.210702341137123 -19.785187753267156
7.247491638795986 -19.881068082076073
7.2842809364548495 -19.977733567756
7.321070234113711 -20.0751912418585
7.357859531772575 -20.173647792919002
7.394648829431438 -20.272952428987544
7.4314381270903 -20.373111904190367
7.468227424749164 -20.474132812896148
7.505016722408025 -20.576205311251574
7.54180602006689 -20.679191366054187
7.578595317725752 -20.78309806789859
7.615384615384614 -20.88808746277511
7.6521739130434785 -20.994049165204753
7.68896321070234 -21.100991004398157
7.725752508361204 -21.208920176368757
7.762541806020066 -21.31796338713448
7.799331103678929 -21.428037935887883
7.8361204013377925 -21.53915243153926
7.872909698996654 -21.65131505475113
7.909698996655519 -21.76463809135234
7.946488294314381 -21.87905081713821
7.983277591973243 -21.994563223818165
8.020066889632107 -22.1112346701478
8.05685618729097 -22.229039083712383
8.093645484949832 -22.347986724673625
8.130434782608695 -22.46808774655769
8.167224080267559 -22.589386674833506
8.20401337792642 -22.711867507676565
8.240802675585284 -22.835539252257387
8.277591973244148 -22.960427458776024
8.31438127090301 -23.08652653906621
8.351170568561873 -23.213843015398133
8.387959866220736 -23.342381637522617
8.424749163879596 -23.472148603704813
8.461538461538462 -23.60314089396626
8.498327759197323 -23.735356470205403
8.535117056856187 -23.8687909078862
8.57190635451505 -24.00343735688124
8.608695652173912 -24.139282217369384
8.645484949832776 -24.276308001338105
8.682274247491637 -24.41449337366598
8.719063545150501 -24.553812650324755
8.755852842809364 -24.694234080432565
8.792642140468228 -24.835717074497648
8.82943143812709 -24.97821399814045
8.866220735785953 -25.121671097981153
8.903010033444815 -25.26602856963423
8.939799331103679 -25.41121786963998
8.976588628762542 -25.557156615090996
9.013377926421404 -25.703754414310936
9.050167224080267 -25.850913405983338
9.08695652173913 -25.99853129120854
9.123745819397993 -26.146497450170184
9.160535117056856 -26.294684194763878
9.19732441471572 -26.442960990106798
9.234113712374581 -26.591195553646546
9.270903010033445 -26.739263019018498
9.307692307692308 -26.887036978762815
9.344481605351168 -27.034372983130186
9.381270903010034 -27.18114303650261
9.418060200668895 -27.327233870567376
9.454849498327759 -27.47256388888804
9.491638795986622 -27.617059155901376
9.528428093645484 -27.760627501630047
9.565217391304348 -27.903213469269918
9.60200668896321 -28.04478996701955
9.638795986622073 -28.185385348972304
9.675585284280936 -28.325029079835282
9.7123745819398 -28.463713121051924
9.749163879598662 -28.601474248825575
9.785953177257525 -28.73838994893319
9.822742474916385 -28.874601879732396
9.859531772575249 -29.010220274988733
9.896321070234114 -29.14527628485523
9.933110367892976 -29.279858600461917
9.969899665551837 -29.41411332880357
10.006688963210703 -29.548257897397022
10.043478260869565 -29.682437062583
10.080267558528426 -29.816666915517665
10.11705685618729 -29.95105488356476
10.153846153846153 -30.08578771559453
10.190635451505017 -30.221145087275726
10.227424749163877 -30.357280630677533
10.264214046822742 -30.494176808795512
10.301003344481606 -30.631962244491977
10.337792642140466 -30.770878235005107
10.37458193979933 -30.911315258178803
10.411371237458194 -31.053469491521767
10.448160535117054 -31.19731550701101
10.484949832775918 -31.34306941592913
10.521739130434783 -31.49113828966854
10.558528428093645 -31.642229467119428
10.595317725752507 -31.796768553388528
10.632107023411372 -31.954902094408762
10.668896321070234 -32.1172810234796
10.705685618729095 -32.28510631457978
10.742474916387959 -32.460467336297036
10.779264214046822 -32.64533591041965
10.816053511705684 -32.842025944471665
10.852842809364548 -33.055618278905904
10.889632107023411 -33.29677731178847
10.926421404682275 -33.59062330555747
10.963210702341135 -34.01130436672723
11.0 -inf
